timestamp,device_id,sector_id,sector_name,state,district,corridor,latitude,longitude,rainfall_24h_mm,rainfall_intensity_mmh,seismic_magnitude,pore_pressure_kpa,displacement_rate_mm_day,physical_fos,raw_readings_count,data_quality,provenance
2026-09-13T09:00:00+00:00,GATEWAY-AR-BHALUK-01,AR-BHALUK-01,Bhalukpong-Tawang Axis Km 32,Arunachal Pradesh,West Kameng,Tawang Strategic Highway,27.012,92.645,11.1,0.0,4.2,0.0,0.17,1.433,7,AUTHENTIC_LIVE_HOURLY,[LIVE/HYBRID]
2026-09-13T10:00:00+00:00,GATEWAY-AR-BHALUK-01,AR-BHALUK-01,Bhalukpong-Tawang Axis Km 32,Arunachal Pradesh,West Kameng,Tawang Strategic Highway,27.012,92.645,11.1,0.0,4.2,0.0,0.17,1.433,11,AUTHENTIC_LIVE_HOURLY,[LIVE/HYBRID]
2026-09-13T11:00:00+00:00,GATEWAY-AR-BHALUK-01,AR-BHALUK-01,Bhalukpong-Tawang Axis Km 32,Arunachal Pradesh,West Kameng,Tawang Strategic Highway,27.012,92.645,11.1,0.0,4.2,0.0,0.17,1.433,11,AUTHENTIC_LIVE_HOURLY,[LIVE/HYBRID]
2026-09-13T12:00:00+00:00,GATEWAY-AR-BHALUK-01,AR-BHALUK-01,Bhalukpong-Tawang Axis Km 32,Arunachal Pradesh,West Kameng,Tawang Strategic Highway,27.012,92.645,9.5,0.0,4.2,0.0,0.2,1.433,10,AUTHENTIC_LIVE_HOURLY,[LIVE/HYBRID]
2026-09-13T18:00:00+00:00,GATEWAY-AR-BHALUK-01,AR-BHALUK-01,Bhalukpong-Tawang Axis Km 32,Arunachal Pradesh,West Kameng,Tawang Strategic Highway,27.012,92.645,91.8,5.1,5.2,18.43,1.61,1.226,1,AUTHENTIC_LIVE_HOURLY,[LIVE/HYBRID]
2026-09-14T14:00:00+00:00,GATEWAY-AR-BHALUK-01,AR-BHALUK-01,Bhalukpong-Tawang Axis Km 32,Arunachal Pradesh,West Kameng,Tawang Strategic Highway,27.012,92.645,87.8,4.88,5.2,17.47,1.54,1.237,1,AUTHENTIC_LIVE_HOURLY,[LIVE/HYBRID]
2026-09-16T01:00:00+00:00,GATEWAY-AR-BHALUK-01,AR-BHALUK-01,Bhalukpong-Tawang Axis Km 32,Arunachal Pradesh,West Kameng,Tawang Strategic Highway,27.012,92.645,7.9,0.0,4.2,0.0,0.16,1.433,12,AUTHENTIC_LIVE_HOURLY,[LIVE/HYBRID]
2026-09-16T02:00:00+00:00,GATEWAY-AR-BHALUK-01,AR-BHALUK-01,Bhalukpong-Tawang Axis Km 32,Arunachal Pradesh,West Kameng,Tawang Strategic Highway,27.012,92.645,7.9,0.0,4.2,0.0,0.16,1.433,5,AUTHENTIC_LIVE_HOURLY,[LIVE/HYBRID]
2026-09-16T04:00:00+00:00,GATEWAY-AR-BHALUK-01,AR-BHALUK-01,Bhalukpong-Tawang Axis Km 32,Arunachal Pradesh,West Kameng,Tawang Strategic Highway,27.012,92.645,7.9,0.1,4.2,0.0,0.16,1.433,2,AUTHENTIC_LIVE_HOURLY,[LIVE/HYBRID]
2026-09-16T05:00:00+00:00,GATEWAY-AR-BHALUK-01,AR-BHALUK-01,Bhalukpong-Tawang Axis Km 32,Arunachal Pradesh,West Kameng,Tawang Strategic Highway,27.012,92.645,7.9,0.0,4.2,0.0,0.16,1.433,2,AUTHENTIC_LIVE_HOURLY,[LIVE/HYBRID]
2026-09-16T07:00:00+00:00,GATEWAY-AR-BHALUK-01,AR-BHALUK-01,Bhalukpong-Tawang Axis Km 32,Arunachal Pradesh,West Kameng,Tawang Strategic Highway,27.012,92.645,19.1,0.7,4.2,0.98,0.25,1.422,9,AUTHENTIC_LIVE_HOURLY,[LIVE/HYBRID]
2026-09-16T08:00:00+00:00,GATEWAY-AR-BHALUK-01,AR-BHALUK-01,Bhalukpong-Tawang Axis Km 32,Arunachal Pradesh,West Kameng,Tawang Strategic Highway,27.012,92.645,19.1,1.0,4.2,0.98,0.25,1.422,17,AUTHENTIC_LIVE_HOURLY,[LIVE/HYBRID]
2026-09-16T09:00:00+00:00,GATEWAY-AR-BHALUK-01,AR-BHALUK-01,Bhalukpong-Tawang Axis Km 32,Arunachal Pradesh,West Kameng,Tawang Strategic Highway,27.012,92.645,19.1,1.0,4.2,0.98,0.25,1.422,5,AUTHENTIC_LIVE_HOURLY,[LIVE/HYBRID]
2026-09-16T10:00:00+00:00,GATEWAY-AR-BHALUK-01,AR-BHALUK-01,Bhalukpong-Tawang Axis Km 32,Arunachal Pradesh,West Kameng,Tawang Strategic Highway,27.012,92.645,19.1,1.0,4.2,0.98,0.25,1.422,1,AUTHENTIC_LIVE_HOURLY,[LIVE/HYBRID]
2026-09-16T11:00:00+00:00,GATEWAY-AR-BHALUK-01,AR-BHALUK-01,Bhalukpong-Tawang Axis Km 32,Arunachal Pradesh,West Kameng,Tawang Strategic Highway,27.012,92.645,19.1,0.6,4.2,0.98,0.25,1.422,4,AUTHENTIC_LIVE_HOURLY,[LIVE/HYBRID]
2026-09-17T05:00:00+00:00,GATEWAY-AR-BHALUK-01,AR-BHALUK-01,Bhalukpong-Tawang Axis Km 32,Arunachal Pradesh,West Kameng,Tawang Strategic Highway,27.012,92.645,13.7,0.2,4.2,0.0,0.12,1.433,7,AUTHENTIC_LIVE_HOURLY,[LIVE/HYBRID]
2026-09-17T06:00:00+00:00,GATEWAY-AR-BHALUK-01,AR-BHALUK-01,Bhalukpong-Tawang Axis Km 32,Arunachal Pradesh,West Kameng,Tawang Strategic Highway,27.012,92.645,15.4,0.0,4.2,0.1,0.17,1.432,28,AUTHENTIC_LIVE_HOURLY,[LIVE/HYBRID]
2026-09-17T07:00:00+00:00,GATEWAY-AR-BHALUK-01,AR-BHALUK-01,Bhalukpong-Tawang Axis Km 32,Arunachal Pradesh,West Kameng,Tawang Strategic Highway,27.012,92.645,15.4,0.3,4.2,0.1,0.17,1.432,30,AUTHENTIC_LIVE_HOURLY,[LIVE/HYBRID]
2026-09-17T08:00:00+00:00,GATEWAY-AR-BHALUK-01,AR-BHALUK-01,Bhalukpong-Tawang Axis Km 32,Arunachal Pradesh,West Kameng,Tawang Strategic Highway,27.012,92.645,15.4,0.2,4.2,0.1,0.17,1.432,10,AUTHENTIC_LIVE_HOURLY,[LIVE/HYBRID]
2026-09-17T09:00:00+00:00,GATEWAY-AR-BHALUK-01,AR-BHALUK-01,Bhalukpong-Tawang Axis Km 32,Arunachal Pradesh,West Kameng,Tawang Strategic Highway,27.012,92.645,15.4,0.2,4.2,0.1,0.17,1.432,4,AUTHENTIC_LIVE_HOURLY,[LIVE/HYBRID]
2026-09-17T10:00:00+00:00,GATEWAY-AR-BHALUK-01,AR-BHALUK-01,Bhalukpong-Tawang Axis Km 32,Arunachal Pradesh,West Kameng,Tawang Strategic Highway,27.012,92.645,15.4,0.2,4.2,0.1,0.17,1.432,1,AUTHENTIC_LIVE_HOURLY,[LIVE/HYBRID]
2026-09-18T06:00:00+00:00,GATEWAY-AR-BHALUK-01,AR-BHALUK-01,Bhalukpong-Tawang Axis Km 32,Arunachal Pradesh,West Kameng,Tawang Strategic Highway,27.012,92.645,3.3,0.1,3.7,0.0,0.03,2.694,8,AUTHENTIC_LIVE_HOURLY,[LIVE/HYBRID]
2026-09-18T07:00:00+00:00,GATEWAY-AR-BHALUK-01,AR-BHALUK-01,Bhalukpong-Tawang Axis Km 32,Arunachal Pradesh,West Kameng,Tawang Strategic Highway,27.012,92.645,3.3,0.0,3.7,0.0,0.03,2.694,17,AUTHENTIC_LIVE_HOURLY,[LIVE/HYBRID]
2026-09-18T08:00:00+00:00,GATEWAY-AR-BHALUK-01,AR-BHALUK-01,Bhalukpong-Tawang Axis Km 32,Arunachal Pradesh,West Kameng,Tawang Strategic Highway,27.012,92.645,3.3,0.0,4.2,0.0,0.03,2.694,4,AUTHENTIC_LIVE_HOURLY,[LIVE/HYBRID]
2026-09-18T11:00:00+00:00,GATEWAY-AR-BHALUK-01,AR-BHALUK-01,Bhalukpong-Tawang Axis Km 32,Arunachal Pradesh,West Kameng,Tawang Strategic Highway,27.012,92.645,3.3,0.0,4.2,0.0,0.03,2.694,1,AUTHENTIC_LIVE_HOURLY,[LIVE/HYBRID]
2026-09-18T12:00:00+00:00,GATEWAY-AR-BHALUK-01,AR-BHALUK-01,Bhalukpong-Tawang Axis Km 32,Arunachal Pradesh,West Kameng,Tawang Strategic Highway,27.012,92.645,3.3,0.0,3.7,0.0,0.03,2.694,4,AUTHENTIC_LIVE_HOURLY,[LIVE/HYBRID]
2026-09-18T14:00:00+00:00,GATEWAY-AR-BHALUK-01,AR-BHALUK-01,Bhalukpong-Tawang Axis Km 32,Arunachal Pradesh,West Kameng,Tawang Strategic Highway,27.012,92.645,3.5,0.0,3.7,0.0,0.03,2.694,18,AUTHENTIC_LIVE_HOURLY,[LIVE/HYBRID]
2026-09-18T15:00:00+00:00,GATEWAY-AR-BHALUK-01,AR-BHALUK-01,Bhalukpong-Tawang Axis Km 32,Arunachal Pradesh,West Kameng,Tawang Strategic Highway,27.012,92.645,3.5,0.0,3.7,0.0,0.03,2.694,40,AUTHENTIC_LIVE_HOURLY,[LIVE/HYBRID]
2026-09-18T16:00:00+00:00,GATEWAY-AR-BHALUK-01,AR-BHALUK-01,Bhalukpong-Tawang Axis Km 32,Arunachal Pradesh,West Kameng,Tawang Strategic Highway,27.012,92.645,3.5,0.0,3.7,0.0,0.03,2.694,20,AUTHENTIC_LIVE_HOURLY,[LIVE/HYBRID]
2026-09-18T17:00:00+00:00,GATEWAY-AR-BHALUK-01,AR-BHALUK-01,Bhalukpong-Tawang Axis Km 32,Arunachal Pradesh,West Kameng,Tawang Strategic Highway,27.012,92.645,3.5,0.0,3.7,0.0,0.03,2.694,9,AUTHENTIC_LIVE_HOURLY,[LIVE/HYBRID]
2026-09-19T17:00:00+00:00,GATEWAY-AR-BHALUK-01,AR-BHALUK-01,Bhalukpong-Tawang Axis Km 32,Arunachal Pradesh,West Kameng,Tawang Strategic Highway,27.012,92.645,91.0,5.06,5.2,18.24,1.59,2.243,1,AUTHENTIC_LIVE_HOURLY,[LIVE/HYBRID]
2026-09-20T08:00:00+00:00,GATEWAY-AR-BHALUK-01,AR-BHALUK-01,Bhalukpong-Tawang Axis Km 32,Arunachal Pradesh,West Kameng,Tawang Strategic Highway,27.012,92.645,83.8,4.66,5.2,16.51,1.47,2.285,1,AUTHENTIC_LIVE_HOURLY,[LIVE/HYBRID]
2026-09-13T09:00:00+00:00,GATEWAY-AR-PASIGHAT-01,AR-PASIGHAT-01,Pasighat Siang River Scour Escarpment,Arunachal Pradesh,East Siang,NH-515 / Siang Valley,28.067,95.326,2.3,0.0,4.2,0.0,0.13,1.292,7,AUTHENTIC_LIVE_HOURLY,[LIVE/HYBRID]
2026-09-13T10:00:00+00:00,GATEWAY-AR-PASIGHAT-01,AR-PASIGHAT-01,Pasighat Siang River Scour Escarpment,Arunachal Pradesh,East Siang,NH-515 / Siang Valley,28.067,95.326,2.3,0.0,4.2,0.0,0.13,1.292,11,AUTHENTIC_LIVE_HOURLY,[LIVE/HYBRID]
2026-09-13T11:00:00+00:00,GATEWAY-AR-PASIGHAT-01,AR-PASIGHAT-01,Pasighat Siang River Scour Escarpment,Arunachal Pradesh,East Siang,NH-515 / Siang Valley,28.067,95.326,2.3,0.0,4.2,0.0,0.13,1.292,11,AUTHENTIC_LIVE_HOURLY,[LIVE/HYBRID]
2026-09-13T12:00:00+00:00,GATEWAY-AR-PASIGHAT-01,AR-PASIGHAT-01,Pasighat Siang River Scour Escarpment,Arunachal Pradesh,East Siang,NH-515 / Siang Valley,28.067,95.326,2.6,0.0,4.2,0.0,0.17,1.292,10,AUTHENTIC_LIVE_HOURLY,[LIVE/HYBRID]
2026-09-13T18:00:00+00:00,GATEWAY-AR-PASIGHAT-01,AR-PASIGHAT-01,Pasighat Siang River Scour Escarpment,Arunachal Pradesh,East Siang,NH-515 / Siang Valley,28.067,95.326,70.2,3.9,5.2,13.25,1.23,1.145,1,AUTHENTIC_LIVE_HOURLY,[LIVE/HYBRID]
2026-09-14T14:00:00+00:00,GATEWAY-AR-PASIGHAT-01,AR-PASIGHAT-01,Pasighat Siang River Scour Escarpment,Arunachal Pradesh,East Siang,NH-515 / Siang Valley,28.067,95.326,66.2,3.68,5.2,12.29,1.16,1.156,1,AUTHENTIC_LIVE_HOURLY,[LIVE/HYBRID]
2026-09-16T01:00:00+00:00,GATEWAY-AR-PASIGHAT-01,AR-PASIGHAT-01,Pasighat Siang River Scour Escarpment,Arunachal Pradesh,East Siang,NH-515 / Siang Valley,28.067,95.326,18.4,0.0,4.2,0.82,0.53,1.282,12,AUTHENTIC_LIVE_HOURLY,[LIVE/HYBRID]
2026-09-16T02:00:00+00:00,GATEWAY-AR-PASIGHAT-01,AR-PASIGHAT-01,Pasighat Siang River Scour Escarpment,Arunachal Pradesh,East Siang,NH-515 / Siang Valley,28.067,95.326,18.4,0.0,4.2,0.82,0.53,1.282,5,AUTHENTIC_LIVE_HOURLY,[LIVE/HYBRID]
2026-09-16T04:00:00+00:00,GATEWAY-AR-PASIGHAT-01,AR-PASIGHAT-01,Pasighat Siang River Scour Escarpment,Arunachal Pradesh,East Siang,NH-515 / Siang Valley,28.067,95.326,18.4,0.9,4.2,0.82,0.53,1.282,2,AUTHENTIC_LIVE_HOURLY,[LIVE/HYBRID]
2026-09-16T05:00:00+00:00,GATEWAY-AR-PASIGHAT-01,AR-PASIGHAT-01,Pasighat Siang River Scour Escarpment,Arunachal Pradesh,East Siang,NH-515 / Siang Valley,28.067,95.326,18.4,0.9,4.2,0.82,0.53,1.282,2,AUTHENTIC_LIVE_HOURLY,[LIVE/HYBRID]
2026-09-16T07:00:00+00:00,GATEWAY-AR-PASIGHAT-01,AR-PASIGHAT-01,Pasighat Siang River Scour Escarpment,Arunachal Pradesh,East Siang,NH-515 / Siang Valley,28.067,95.326,5.9,0.1,4.2,0.0,0.64,1.292,9,AUTHENTIC_LIVE_HOURLY,[LIVE/HYBRID]
2026-09-16T08:00:00+00:00,GATEWAY-AR-PASIGHAT-01,AR-PASIGHAT-01,Pasighat Siang River Scour Escarpment,Arunachal Pradesh,East Siang,NH-515 / Siang Valley,28.067,95.326,5.9,0.0,4.2,0.0,0.64,1.292,17,AUTHENTIC_LIVE_HOURLY,[LIVE/HYBRID]
2026-09-16T09:00:00+00:00,GATEWAY-AR-PASIGHAT-01,AR-PASIGHAT-01,Pasighat Siang River Scour Escarpment,Arunachal Pradesh,East Siang,NH-515 / Siang Valley,28.067,95.326,5.9,0.0,4.2,0.0,0.64,1.292,5,AUTHENTIC_LIVE_HOURLY,[LIVE/HYBRID]
2026-09-16T10:00:00+00:00,GATEWAY-AR-PASIGHAT-01,AR-PASIGHAT-01,Pasighat Siang River Scour Escarpment,Arunachal Pradesh,East Siang,NH-515 / Siang Valley,28.067,95.326,5.9,0.0,4.2,0.0,0.64,1.292,1,AUTHENTIC_LIVE_HOURLY,[LIVE/HYBRID]
2026-09-16T11:00:00+00:00,GATEWAY-AR-PASIGHAT-01,AR-PASIGHAT-01,Pasighat Siang River Scour Escarpment,Arunachal Pradesh,East Siang,NH-515 / Siang Valley,28.067,95.326,5.9,0.0,4.2,0.0,0.64,1.292,4,AUTHENTIC_LIVE_HOURLY,[LIVE/HYBRID]
2026-09-17T05:00:00+00:00,GATEWAY-AR-PASIGHAT-01,AR-PASIGHAT-01,Pasighat Siang River Scour Escarpment,Arunachal Pradesh,East Siang,NH-515 / Siang Valley,28.067,95.326,55.1,0.1,4.2,9.62,0.49,1.185,7,AUTHENTIC_LIVE_HOURLY,[LIVE/HYBRID]
2026-09-17T06:00:00+00:00,GATEWAY-AR-PASIGHAT-01,AR-PASIGHAT-01,Pasighat Siang River Scour Escarpment,Arunachal Pradesh,East Siang,NH-515 / Siang Valley,28.067,95.326,47.3,0.1,4.2,7.75,0.48,1.206,28,AUTHENTIC_LIVE_HOURLY,[LIVE/HYBRID]
2026-09-17T07:00:00+00:00,GATEWAY-AR-PASIGHAT-01,AR-PASIGHAT-01,Pasighat Siang River Scour Escarpment,Arunachal Pradesh,East Siang,NH-515 / Siang Valley,28.067,95.326,47.3,0.0,4.2,7.75,0.48,1.206,30,AUTHENTIC_LIVE_HOURLY,[LIVE/HYBRID]
2026-09-17T08:00:00+00:00,GATEWAY-AR-PASIGHAT-01,AR-PASIGHAT-01,Pasighat Siang River Scour Escarpment,Arunachal Pradesh,East Siang,NH-515 / Siang Valley,28.067,95.326,47.3,0.0,4.2,7.75,0.48,1.206,10,AUTHENTIC_LIVE_HOURLY,[LIVE/HYBRID]
2026-09-17T09:00:00+00:00,GATEWAY-AR-PASIGHAT-01,AR-PASIGHAT-01,Pasighat Siang River Scour Escarpment,Arunachal Pradesh,East Siang,NH-515 / Siang Valley,28.067,95.326,47.3,0.0,4.2,7.75,0.48,1.206,4,AUTHENTIC_LIVE_HOURLY,[LIVE/HYBRID]
2026-09-17T10:00:00+00:00,GATEWAY-AR-PASIGHAT-01,AR-PASIGHAT-01,Pasighat Siang River Scour Escarpment,Arunachal Pradesh,East Siang,NH-515 / Siang Valley,28.067,95.326,47.3,0.0,4.2,7.75,0.48,1.206,1,AUTHENTIC_LIVE_HOURLY,[LIVE/HYBRID]
2026-09-18T06:00:00+00:00,GATEWAY-AR-PASIGHAT-01,AR-PASIGHAT-01,Pasighat Siang River Scour Escarpment,Arunachal Pradesh,East Siang,NH-515 / Siang Valley,28.067,95.326,1.8,0.0,3.7,0.0,0.03,3.288,8,AUTHENTIC_LIVE_HOURLY,[LIVE/HYBRID]
2026-09-18T07:00:00+00:00,GATEWAY-AR-PASIGHAT-01,AR-PASIGHAT-01,Pasighat Siang River Scour Escarpment,Arunachal Pradesh,East Siang,NH-515 / Siang Valley,28.067,95.326,1.8,0.0,3.7,0.0,0.03,3.288,17,AUTHENTIC_LIVE_HOURLY,[LIVE/HYBRID]
2026-09-18T08:00:00+00:00,GATEWAY-AR-PASIGHAT-01,AR-PASIGHAT-01,Pasighat Siang River Scour Escarpment,Arunachal Pradesh,East Siang,NH-515 / Siang Valley,28.067,95.326,1.8,0.0,4.2,0.0,0.03,3.288,4,AUTHENTIC_LIVE_HOURLY,[LIVE/HYBRID]
2026-09-18T11:00:00+00:00,GATEWAY-AR-PASIGHAT-01,AR-PASIGHAT-01,Pasighat Siang River Scour Escarpment,Arunachal Pradesh,East Siang,NH-515 / Siang Valley,28.067,95.326,1.8,0.0,4.2,0.0,0.03,3.288,1,AUTHENTIC_LIVE_HOURLY,[LIVE/HYBRID]
2026-09-18T12:00:00+00:00,GATEWAY-AR-PASIGHAT-01,AR-PASIGHAT-01,Pasighat Siang River Scour Escarpment,Arunachal Pradesh,East Siang,NH-515 / Siang Valley,28.067,95.326,1.8,0.0,3.7,0.0,0.03,3.288,4,AUTHENTIC_LIVE_HOURLY,[LIVE/HYBRID]
2026-09-18T14:00:00+00:00,GATEWAY-AR-PASIGHAT-01,AR-PASIGHAT-01,Pasighat Siang River Scour Escarpment,Arunachal Pradesh,East Siang,NH-515 / Siang Valley,28.067,95.326,1.8,0.0,3.7,0.0,0.03,3.288,18,AUTHENTIC_LIVE_HOURLY,[LIVE/HYBRID]
2026-09-18T15:00:00+00:00,GATEWAY-AR-PASIGHAT-01,AR-PASIGHAT-01,Pasighat Siang River Scour Escarpment,Arunachal Pradesh,East Siang,NH-515 / Siang Valley,28.067,95.326,1.8,0.0,3.7,0.0,0.03,3.288,40,AUTHENTIC_LIVE_HOURLY,[LIVE/HYBRID]
2026-09-18T16:00:00+00:00,GATEWAY-AR-PASIGHAT-01,AR-PASIGHAT-01,Pasighat Siang River Scour Escarpment,Arunachal Pradesh,East Siang,NH-515 / Siang Valley,28.067,95.326,1.8,0.0,3.7,0.0,0.03,3.288,20,AUTHENTIC_LIVE_HOURLY,[LIVE/HYBRID]
2026-09-18T17:00:00+00:00,GATEWAY-AR-PASIGHAT-01,AR-PASIGHAT-01,Pasighat Siang River Scour Escarpment,Arunachal Pradesh,East Siang,NH-515 / Siang Valley,28.067,95.326,1.8,0.0,3.7,0.0,0.03,3.288,9,AUTHENTIC_LIVE_HOURLY,[LIVE/HYBRID]
2026-09-19T17:00:00+00:00,GATEWAY-AR-PASIGHAT-01,AR-PASIGHAT-01,Pasighat Siang River Scour Escarpment,Arunachal Pradesh,East Siang,NH-515 / Siang Valley,28.067,95.326,69.4,3.86,5.2,13.06,1.21,2.882,1,AUTHENTIC_LIVE_HOURLY,[LIVE/HYBRID]
2026-09-20T08:00:00+00:00,GATEWAY-AR-PASIGHAT-01,AR-PASIGHAT-01,Pasighat Siang River Scour Escarpment,Arunachal Pradesh,East Siang,NH-515 / Siang Valley,28.067,95.326,62.2,3.46,5.2,11.33,1.09,2.936,1,AUTHENTIC_LIVE_HOURLY,[LIVE/HYBRID]
2026-09-13T09:00:00+00:00,GATEWAY-AR-SELA-01,AR-SELA-01,Sela Pass North Approach Km 8,Arunachal Pradesh,Tawang,NH-13,27.505,92.102,16.8,0.0,4.2,0.43,0.16,2.326,7,AUTHENTIC_LIVE_HOURLY,[LIVE/HYBRID]
2026-09-13T10:00:00+00:00,GATEWAY-AR-SELA-01,AR-SELA-01,Sela Pass North Approach Km 8,Arunachal Pradesh,Tawang,NH-13,27.505,92.102,16.8,0.0,4.2,0.43,0.16,2.326,11,AUTHENTIC_LIVE_HOURLY,[LIVE/HYBRID]
2026-09-13T11:00:00+00:00,GATEWAY-AR-SELA-01,AR-SELA-01,Sela Pass North Approach Km 8,Arunachal Pradesh,Tawang,NH-13,27.505,92.102,16.8,0.0,4.2,0.43,0.16,2.326,11,AUTHENTIC_LIVE_HOURLY,[LIVE/HYBRID]
2026-09-13T12:00:00+00:00,GATEWAY-AR-SELA-01,AR-SELA-01,Sela Pass North Approach Km 8,Arunachal Pradesh,Tawang,NH-13,27.505,92.102,15.0,0.0,4.2,0.0,0.14,2.336,10,AUTHENTIC_LIVE_HOURLY,[LIVE/HYBRID]
2026-09-13T18:00:00+00:00,GATEWAY-AR-SELA-01,AR-SELA-01,Sela Pass North Approach Km 8,Arunachal Pradesh,Tawang,NH-13,27.505,92.102,84.6,4.7,5.2,16.7,1.48,1.966,1,AUTHENTIC_LIVE_HOURLY,[LIVE/HYBRID]
2026-09-14T14:00:00+00:00,GATEWAY-AR-SELA-01,AR-SELA-01,Sela Pass North Approach Km 8,Arunachal Pradesh,Tawang,NH-13,27.505,92.102,80.6,4.48,5.2,15.74,1.41,1.988,1,AUTHENTIC_LIVE_HOURLY,[LIVE/HYBRID]
2026-09-16T01:00:00+00:00,GATEWAY-AR-SELA-01,AR-SELA-01,Sela Pass North Approach Km 8,Arunachal Pradesh,Tawang,NH-13,27.505,92.102,1.1,0.0,4.2,0.0,0.07,2.336,12,AUTHENTIC_LIVE_HOURLY,[LIVE/HYBRID]
2026-09-16T02:00:00+00:00,GATEWAY-AR-SELA-01,AR-SELA-01,Sela Pass North Approach Km 8,Arunachal Pradesh,Tawang,NH-13,27.505,92.102,1.1,0.0,4.2,0.0,0.07,2.336,5,AUTHENTIC_LIVE_HOURLY,[LIVE/HYBRID]
2026-09-16T04:00:00+00:00,GATEWAY-AR-SELA-01,AR-SELA-01,Sela Pass North Approach Km 8,Arunachal Pradesh,Tawang,NH-13,27.505,92.102,1.1,0.0,4.2,0.0,0.07,2.336,2,AUTHENTIC_LIVE_HOURLY,[LIVE/HYBRID]
2026-09-16T05:00:00+00:00,GATEWAY-AR-SELA-01,AR-SELA-01,Sela Pass North Approach Km 8,Arunachal Pradesh,Tawang,NH-13,27.505,92.102,1.1,0.0,4.2,0.0,0.07,2.336,2,AUTHENTIC_LIVE_HOURLY,[LIVE/HYBRID]
2026-09-16T07:00:00+00:00,GATEWAY-AR-SELA-01,AR-SELA-01,Sela Pass North Approach Km 8,Arunachal Pradesh,Tawang,NH-13,27.505,92.102,0.8,0.0,4.2,0.0,0.04,2.336,9,AUTHENTIC_LIVE_HOURLY,[LIVE/HYBRID]
2026-09-16T08:00:00+00:00,GATEWAY-AR-SELA-01,AR-SELA-01,Sela Pass North Approach Km 8,Arunachal Pradesh,Tawang,NH-13,27.505,92.102,0.8,0.0,4.2,0.0,0.04,2.336,17,AUTHENTIC_LIVE_HOURLY,[LIVE/HYBRID]
2026-09-16T09:00:00+00:00,GATEWAY-AR-SELA-01,AR-SELA-01,Sela Pass North Approach Km 8,Arunachal Pradesh,Tawang,NH-13,27.505,92.102,0.8,0.0,4.2,0.0,0.04,2.336,5,AUTHENTIC_LIVE_HOURLY,[LIVE/HYBRID]
2026-09-16T10:00:00+00:00,GATEWAY-AR-SELA-01,AR-SELA-01,Sela Pass North Approach Km 8,Arunachal Pradesh,Tawang,NH-13,27.505,92.102,0.8,0.0,4.2,0.0,0.04,2.336,1,AUTHENTIC_LIVE_HOURLY,[LIVE/HYBRID]
2026-09-16T11:00:00+00:00,GATEWAY-AR-SELA-01,AR-SELA-01,Sela Pass North Approach Km 8,Arunachal Pradesh,Tawang,NH-13,27.505,92.102,0.8,0.0,4.2,0.0,0.04,2.336,4,AUTHENTIC_LIVE_HOURLY,[LIVE/HYBRID]
2026-09-17T05:00:00+00:00,GATEWAY-AR-SELA-01,AR-SELA-01,Sela Pass North Approach Km 8,Arunachal Pradesh,Tawang,NH-13,27.505,92.102,2.1,0.1,4.2,0.0,0.1,2.336,7,AUTHENTIC_LIVE_HOURLY,[LIVE/HYBRID]
2026-09-17T06:00:00+00:00,GATEWAY-AR-SELA-01,AR-SELA-01,Sela Pass North Approach Km 8,Arunachal Pradesh,Tawang,NH-13,27.505,92.102,1.0,0.1,4.2,0.0,0.13,2.336,28,AUTHENTIC_LIVE_HOURLY,[LIVE/HYBRID]
2026-09-17T07:00:00+00:00,GATEWAY-AR-SELA-01,AR-SELA-01,Sela Pass North Approach Km 8,Arunachal Pradesh,Tawang,NH-13,27.505,92.102,1.0,0.1,4.2,0.0,0.13,2.336,30,AUTHENTIC_LIVE_HOURLY,[LIVE/HYBRID]
2026-09-17T08:00:00+00:00,GATEWAY-AR-SELA-01,AR-SELA-01,Sela Pass North Approach Km 8,Arunachal Pradesh,Tawang,NH-13,27.505,92.102,1.0,0.1,4.2,0.0,0.13,2.336,10,AUTHENTIC_LIVE_HOURLY,[LIVE/HYBRID]
2026-09-17T09:00:00+00:00,GATEWAY-AR-SELA-01,AR-SELA-01,Sela Pass North Approach Km 8,Arunachal Pradesh,Tawang,NH-13,27.505,92.102,1.0,0.0,4.2,0.0,0.13,2.336,4,AUTHENTIC_LIVE_HOURLY,[LIVE/HYBRID]
2026-09-17T10:00:00+00:00,GATEWAY-AR-SELA-01,AR-SELA-01,Sela Pass North Approach Km 8,Arunachal Pradesh,Tawang,NH-13,27.505,92.102,1.0,0.0,4.2,0.0,0.13,2.336,1,AUTHENTIC_LIVE_HOURLY,[LIVE/HYBRID]
2026-09-18T06:00:00+00:00,GATEWAY-AR-SELA-01,AR-SELA-01,Sela Pass North Approach Km 8,Arunachal Pradesh,Tawang,NH-13,27.505,92.102,4.1,0.2,3.7,0.0,0.07,5.653,8,AUTHENTIC_LIVE_HOURLY,[LIVE/HYBRID]
2026-09-18T07:00:00+00:00,GATEWAY-AR-SELA-01,AR-SELA-01,Sela Pass North Approach Km 8,Arunachal Pradesh,Tawang,NH-13,27.505,92.102,4.1,0.2,3.7,0.0,0.07,5.653,17,AUTHENTIC_LIVE_HOURLY,[LIVE/HYBRID]
2026-09-18T08:00:00+00:00,GATEWAY-AR-SELA-01,AR-SELA-01,Sela Pass North Approach Km 8,Arunachal Pradesh,Tawang,NH-13,27.505,92.102,4.1,0.1,4.2,0.0,0.07,5.653,4,AUTHENTIC_LIVE_HOURLY,[LIVE/HYBRID]
2026-09-18T11:00:00+00:00,GATEWAY-AR-SELA-01,AR-SELA-01,Sela Pass North Approach Km 8,Arunachal Pradesh,Tawang,NH-13,27.505,92.102,4.1,0.0,4.2,0.0,0.07,5.653,1,AUTHENTIC_LIVE_HOURLY,[LIVE/HYBRID]
2026-09-18T12:00:00+00:00,GATEWAY-AR-SELA-01,AR-SELA-01,Sela Pass North Approach Km 8,Arunachal Pradesh,Tawang,NH-13,27.505,92.102,4.1,0.0,3.7,0.0,0.07,5.653,4,AUTHENTIC_LIVE_HOURLY,[LIVE/HYBRID]
2026-09-18T14:00:00+00:00,GATEWAY-AR-SELA-01,AR-SELA-01,Sela Pass North Approach Km 8,Arunachal Pradesh,Tawang,NH-13,27.505,92.102,6.7,0.1,3.7,0.0,0.12,5.653,18,AUTHENTIC_LIVE_HOURLY,[LIVE/HYBRID]
2026-09-18T15:00:00+00:00,GATEWAY-AR-SELA-01,AR-SELA-01,Sela Pass North Approach Km 8,Arunachal Pradesh,Tawang,NH-13,27.505,92.102,6.7,0.1,3.7,0.0,0.12,5.653,40,AUTHENTIC_LIVE_HOURLY,[LIVE/HYBRID]
2026-09-18T16:00:00+00:00,GATEWAY-AR-SELA-01,AR-SELA-01,Sela Pass North Approach Km 8,Arunachal Pradesh,Tawang,NH-13,27.505,92.102,6.7,0.2,3.7,0.0,0.12,5.653,20,AUTHENTIC_LIVE_HOURLY,[LIVE/HYBRID]
2026-09-18T17:00:00+00:00,GATEWAY-AR-SELA-01,AR-SELA-01,Sela Pass North Approach Km 8,Arunachal Pradesh,Tawang,NH-13,27.505,92.102,6.7,0.2,3.7,0.0,0.12,5.653,9,AUTHENTIC_LIVE_HOURLY,[LIVE/HYBRID]
2026-09-19T17:00:00+00:00,GATEWAY-AR-SELA-01,AR-SELA-01,Sela Pass North Approach Km 8,Arunachal Pradesh,Tawang,NH-13,27.505,92.102,83.8,4.66,5.2,16.51,1.47,4.626,1,AUTHENTIC_LIVE_HOURLY,[LIVE/HYBRID]
2026-09-20T08:00:00+00:00,GATEWAY-AR-SELA-01,AR-SELA-01,Sela Pass North Approach Km 8,Arunachal Pradesh,Tawang,NH-13,27.505,92.102,76.6,4.26,5.2,14.78,1.34,4.734,1,AUTHENTIC_LIVE_HOURLY,[LIVE/HYBRID]
2026-09-13T09:00:00+00:00,GATEWAY-AS-DIMA-01,AS-DIMA-01,Dima Hasao Hill Railway Corridor Km 42,Assam,Dima Hasao,Lumding-Badarpur Hill Section,25.178,93.023,4.3,0.0,4.2,0.0,0.07,1.126,7,AUTHENTIC_LIVE_HOURLY,[LIVE/HYBRID]
2026-09-13T10:00:00+00:00,GATEWAY-AS-DIMA-01,AS-DIMA-01,Dima Hasao Hill Railway Corridor Km 42,Assam,Dima Hasao,Lumding-Badarpur Hill Section,25.178,93.023,4.3,0.0,4.2,0.0,0.07,1.126,11,AUTHENTIC_LIVE_HOURLY,[LIVE/HYBRID]
2026-09-13T11:00:00+00:00,GATEWAY-AS-DIMA-01,AS-DIMA-01,Dima Hasao Hill Railway Corridor Km 42,Assam,Dima Hasao,Lumding-Badarpur Hill Section,25.178,93.023,4.3,0.0,4.2,0.0,0.07,1.126,11,AUTHENTIC_LIVE_HOURLY,[LIVE/HYBRID]
2026-09-13T12:00:00+00:00,GATEWAY-AS-DIMA-01,AS-DIMA-01,Dima Hasao Hill Railway Corridor Km 42,Assam,Dima Hasao,Lumding-Badarpur Hill Section,25.178,93.023,5.3,0.0,4.2,0.0,0.08,1.126,10,AUTHENTIC_LIVE_HOURLY,[LIVE/HYBRID]
2026-09-13T18:00:00+00:00,GATEWAY-AS-DIMA-01,AS-DIMA-01,Dima Hasao Hill Railway Corridor Km 42,Assam,Dima Hasao,Lumding-Badarpur Hill Section,25.178,93.023,117.0,6.5,5.2,24.48,2.05,0.901,1,AUTHENTIC_LIVE_HOURLY,[LIVE/HYBRID]
2026-09-14T14:00:00+00:00,GATEWAY-AS-DIMA-01,AS-DIMA-01,Dima Hasao Hill Railway Corridor Km 42,Assam,Dima Hasao,Lumding-Badarpur Hill Section,25.178,93.023,113.8,6.32,5.2,23.71,1.99,0.908,1,AUTHENTIC_LIVE_HOURLY,[LIVE/HYBRID]
2026-09-16T01:00:00+00:00,GATEWAY-AS-DIMA-01,AS-DIMA-01,Dima Hasao Hill Railway Corridor Km 42,Assam,Dima Hasao,Lumding-Badarpur Hill Section,25.178,93.023,1.7,0.0,4.2,0.0,0.04,1.126,12,AUTHENTIC_LIVE_HOURLY,[LIVE/HYBRID]
2026-09-16T02:00:00+00:00,GATEWAY-AS-DIMA-01,AS-DIMA-01,Dima Hasao Hill Railway Corridor Km 42,Assam,Dima Hasao,Lumding-Badarpur Hill Section,25.178,93.023,1.7,0.0,4.2,0.0,0.04,1.126,3,AUTHENTIC_LIVE_HOURLY,[LIVE/HYBRID]
2026-09-16T03:00:00+00:00,GATEWAY-AS-DIMA-01,AS-DIMA-01,Dima Hasao Hill Railway Corridor Km 42,Assam,Dima Hasao,Lumding-Badarpur Hill Section,25.178,93.023,1.7,0.0,4.2,0.0,0.04,1.126,1,AUTHENTIC_LIVE_HOURLY,[LIVE/HYBRID]
2026-09-16T04:00:00+00:00,GATEWAY-AS-DIMA-01,AS-DIMA-01,Dima Hasao Hill Railway Corridor Km 42,Assam,Dima Hasao,Lumding-Badarpur Hill Section,25.178,93.023,1.7,0.1,4.2,0.0,0.04,1.126,2,AUTHENTIC_LIVE_HOURLY,[LIVE/HYBRID]
2026-09-16T05:00:00+00:00,GATEWAY-AS-DIMA-01,AS-DIMA-01,Dima Hasao Hill Railway Corridor Km 42,Assam,Dima Hasao,Lumding-Badarpur Hill Section,25.178,93.023,1.7,0.1,4.2,0.0,0.04,1.126,2,AUTHENTIC_LIVE_HOURLY,[LIVE/HYBRID]
2026-09-16T07:00:00+00:00,GATEWAY-AS-DIMA-01,AS-DIMA-01,Dima Hasao Hill Railway Corridor Km 42,Assam,Dima Hasao,Lumding-Badarpur Hill Section,25.178,93.023,2.2,0.0,4.2,0.0,0.04,1.126,9,AUTHENTIC_LIVE_HOURLY,[LIVE/HYBRID]
2026-09-16T08:00:00+00:00,GATEWAY-AS-DIMA-01,AS-DIMA-01,Dima Hasao Hill Railway Corridor Km 42,Assam,Dima Hasao,Lumding-Badarpur Hill Section,25.178,93.023,2.2,0.0,4.2,0.0,0.04,1.126,17,AUTHENTIC_LIVE_HOURLY,[LIVE/HYBRID]
2026-09-16T09:00:00+00:00,GATEWAY-AS-DIMA-01,AS-DIMA-01,Dima Hasao Hill Railway Corridor Km 42,Assam,Dima Hasao,Lumding-Badarpur Hill Section,25.178,93.023,2.2,0.0,4.2,0.0,0.04,1.126,5,AUTHENTIC_LIVE_HOURLY,[LIVE/HYBRID]
2026-09-16T10:00:00+00:00,GATEWAY-AS-DIMA-01,AS-DIMA-01,Dima Hasao Hill Railway Corridor Km 42,Assam,Dima Hasao,Lumding-Badarpur Hill Section,25.178,93.023,2.2,0.0,4.2,0.0,0.04,1.126,1,AUTHENTIC_LIVE_HOURLY,[LIVE/HYBRID]
2026-09-16T11:00:00+00:00,GATEWAY-AS-DIMA-01,AS-DIMA-01,Dima Hasao Hill Railway Corridor Km 42,Assam,Dima Hasao,Lumding-Badarpur Hill Section,25.178,93.023,2.2,0.0,4.2,0.0,0.04,1.126,4,AUTHENTIC_LIVE_HOURLY,[LIVE/HYBRID]
2026-09-17T05:00:00+00:00,GATEWAY-AS-DIMA-01,AS-DIMA-01,Dima Hasao Hill Railway Corridor Km 42,Assam,Dima Hasao,Lumding-Badarpur Hill Section,25.178,93.023,1.4,0.1,4.2,0.0,0.04,1.126,7,AUTHENTIC_LIVE_HOURLY,[LIVE/HYBRID]
2026-09-17T06:00:00+00:00,GATEWAY-AS-DIMA-01,AS-DIMA-01,Dima Hasao Hill Railway Corridor Km 42,Assam,Dima Hasao,Lumding-Badarpur Hill Section,25.178,93.023,1.4,0.0,4.2,0.0,0.04,1.126,28,AUTHENTIC_LIVE_HOURLY,[LIVE/HYBRID]
2026-09-17T07:00:00+00:00,GATEWAY-AS-DIMA-01,AS-DIMA-01,Dima Hasao Hill Railway Corridor Km 42,Assam,Dima Hasao,Lumding-Badarpur Hill Section,25.178,93.023,1.4,0.1,4.2,0.0,0.04,1.126,30,AUTHENTIC_LIVE_HOURLY,[LIVE/HYBRID]
2026-09-17T08:00:00+00:00,GATEWAY-AS-DIMA-01,AS-DIMA-01,Dima Hasao Hill Railway Corridor Km 42,Assam,Dima Hasao,Lumding-Badarpur Hill Section,25.178,93.023,1.4,0.0,4.2,0.0,0.04,1.126,10,AUTHENTIC_LIVE_HOURLY,[LIVE/HYBRID]
2026-09-17T09:00:00+00:00,GATEWAY-AS-DIMA-01,AS-DIMA-01,Dima Hasao Hill Railway Corridor Km 42,Assam,Dima Hasao,Lumding-Badarpur Hill Section,25.178,93.023,1.4,0.0,4.2,0.0,0.04,1.126,3,AUTHENTIC_LIVE_HOURLY,[LIVE/HYBRID]
2026-09-17T10:00:00+00:00,GATEWAY-AS-DIMA-01,AS-DIMA-01,Dima Hasao Hill Railway Corridor Km 42,Assam,Dima Hasao,Lumding-Badarpur Hill Section,25.178,93.023,1.4,0.0,4.2,0.0,0.04,1.126,2,AUTHENTIC_LIVE_HOURLY,[LIVE/HYBRID]
2026-09-18T06:00:00+00:00,GATEWAY-AS-DIMA-01,AS-DIMA-01,Dima Hasao Hill Railway Corridor Km 42,Assam,Dima Hasao,Lumding-Badarpur Hill Section,25.178,93.023,0.7,0.0,3.7,0.0,0.15,2.906,7,AUTHENTIC_LIVE_HOURLY,[LIVE/HYBRID]
2026-09-18T07:00:00+00:00,GATEWAY-AS-DIMA-01,AS-DIMA-01,Dima Hasao Hill Railway Corridor Km 42,Assam,Dima Hasao,Lumding-Badarpur Hill Section,25.178,93.023,0.7,0.0,3.7,0.0,0.15,2.906,18,AUTHENTIC_LIVE_HOURLY,[LIVE/HYBRID]
2026-09-18T08:00:00+00:00,GATEWAY-AS-DIMA-01,AS-DIMA-01,Dima Hasao Hill Railway Corridor Km 42,Assam,Dima Hasao,Lumding-Badarpur Hill Section,25.178,93.023,0.7,0.0,4.2,0.0,0.15,2.906,4,AUTHENTIC_LIVE_HOURLY,[LIVE/HYBRID]
2026-09-18T11:00:00+00:00,GATEWAY-AS-DIMA-01,AS-DIMA-01,Dima Hasao Hill Railway Corridor Km 42,Assam,Dima Hasao,Lumding-Badarpur Hill Section,25.178,93.023,0.7,0.0,4.2,0.0,0.15,2.906,1,AUTHENTIC_LIVE_HOURLY,[LIVE/HYBRID]
2026-09-18T12:00:00+00:00,GATEWAY-AS-DIMA-01,AS-DIMA-01,Dima Hasao Hill Railway Corridor Km 42,Assam,Dima Hasao,Lumding-Badarpur Hill Section,25.178,93.023,0.7,0.0,3.7,0.0,0.15,2.906,4,AUTHENTIC_LIVE_HOURLY,[LIVE/HYBRID]
2026-09-18T14:00:00+00:00,GATEWAY-AS-DIMA-01,AS-DIMA-01,Dima Hasao Hill Railway Corridor Km 42,Assam,Dima Hasao,Lumding-Badarpur Hill Section,25.178,93.023,1.1,0.0,3.7,0.0,0.09,2.906,17,AUTHENTIC_LIVE_HOURLY,[LIVE/HYBRID]
2026-09-18T15:00:00+00:00,GATEWAY-AS-DIMA-01,AS-DIMA-01,Dima Hasao Hill Railway Corridor Km 42,Assam,Dima Hasao,Lumding-Badarpur Hill Section,25.178,93.023,1.1,0.0,3.7,0.0,0.09,2.906,41,AUTHENTIC_LIVE_HOURLY,[LIVE/HYBRID]
2026-09-18T16:00:00+00:00,GATEWAY-AS-DIMA-01,AS-DIMA-01,Dima Hasao Hill Railway Corridor Km 42,Assam,Dima Hasao,Lumding-Badarpur Hill Section,25.178,93.023,1.1,0.0,3.7,0.0,0.09,2.906,20,AUTHENTIC_LIVE_HOURLY,[LIVE/HYBRID]
2026-09-18T17:00:00+00:00,GATEWAY-AS-DIMA-01,AS-DIMA-01,Dima Hasao Hill Railway Corridor Km 42,Assam,Dima Hasao,Lumding-Badarpur Hill Section,25.178,93.023,1.1,0.0,3.7,0.0,0.09,2.906,9,AUTHENTIC_LIVE_HOURLY,[LIVE/HYBRID]
2026-09-19T17:00:00+00:00,GATEWAY-AS-DIMA-01,AS-DIMA-01,Dima Hasao Hill Railway Corridor Km 42,Assam,Dima Hasao,Lumding-Badarpur Hill Section,25.178,93.023,116.2,6.46,5.2,24.29,2.03,2.242,1,AUTHENTIC_LIVE_HOURLY,[LIVE/HYBRID]
2026-09-20T08:00:00+00:00,GATEWAY-AS-DIMA-01,AS-DIMA-01,Dima Hasao Hill Railway Corridor Km 42,Assam,Dima Hasao,Lumding-Badarpur Hill Section,25.178,93.023,109.0,6.06,5.2,22.56,1.91,2.289,1,AUTHENTIC_LIVE_HOURLY,[LIVE/HYBRID]
2026-09-13T09:00:00+00:00,GATEWAY-AS-GUWAHATI-01,AS-GUWAHATI-01,Guwahati Narakasur Hills,Assam,Kamrup Metropolitan,Guwahati Urban Rim,26.142,91.776,24.7,0.0,4.2,2.33,0.37,2.284,7,AUTHENTIC_LIVE_HOURLY,[LIVE/HYBRID]
2026-09-13T10:00:00+00:00,GATEWAY-AS-GUWAHATI-01,AS-GUWAHATI-01,Guwahati Narakasur Hills,Assam,Kamrup Metropolitan,Guwahati Urban Rim,26.142,91.776,24.7,0.0,4.2,2.33,0.37,2.284,11,AUTHENTIC_LIVE_HOURLY,[LIVE/HYBRID]
2026-09-13T11:00:00+00:00,GATEWAY-AS-GUWAHATI-01,AS-GUWAHATI-01,Guwahati Narakasur Hills,Assam,Kamrup Metropolitan,Guwahati Urban Rim,26.142,91.776,24.7,0.0,4.2,2.33,0.37,2.284,11,AUTHENTIC_LIVE_HOURLY,[LIVE/HYBRID]
2026-09-13T12:00:00+00:00,GATEWAY-AS-GUWAHATI-01,AS-GUWAHATI-01,Guwahati Narakasur Hills,Assam,Kamrup Metropolitan,Guwahati Urban Rim,26.142,91.776,19.4,0.0,4.2,1.06,0.25,2.312,10,AUTHENTIC_LIVE_HOURLY,[LIVE/HYBRID]
2026-09-13T18:00:00+00:00,GATEWAY-AS-GUWAHATI-01,AS-GUWAHATI-01,Guwahati Narakasur Hills,Assam,Kamrup Metropolitan,Guwahati Urban Rim,26.142,91.776,96.6,5.37,5.2,19.58,1.69,1.903,1,AUTHENTIC_LIVE_HOURLY,[LIVE/HYBRID]
2026-09-14T14:00:00+00:00,GATEWAY-AS-GUWAHATI-01,AS-GUWAHATI-01,Guwahati Narakasur Hills,Assam,Kamrup Metropolitan,Guwahati Urban Rim,26.142,91.776,93.4,5.19,5.2,18.82,1.63,1.919,1,AUTHENTIC_LIVE_HOURLY,[LIVE/HYBRID]
2026-09-16T01:00:00+00:00,GATEWAY-AS-GUWAHATI-01,AS-GUWAHATI-01,Guwahati Narakasur Hills,Assam,Kamrup Metropolitan,Guwahati Urban Rim,26.142,91.776,10.3,0.0,4.2,0.0,0.29,2.336,12,AUTHENTIC_LIVE_HOURLY,[LIVE/HYBRID]
2026-09-16T02:00:00+00:00,GATEWAY-AS-GUWAHATI-01,AS-GUWAHATI-01,Guwahati Narakasur Hills,Assam,Kamrup Metropolitan,Guwahati Urban Rim,26.142,91.776,10.3,0.0,4.2,0.0,0.29,2.336,4,AUTHENTIC_LIVE_HOURLY,[LIVE/HYBRID]
2026-09-16T03:00:00+00:00,GATEWAY-AS-GUWAHATI-01,AS-GUWAHATI-01,Guwahati Narakasur Hills,Assam,Kamrup Metropolitan,Guwahati Urban Rim,26.142,91.776,10.3,0.0,4.2,0.0,0.29,2.336,1,AUTHENTIC_LIVE_HOURLY,[LIVE/HYBRID]
2026-09-16T04:00:00+00:00,GATEWAY-AS-GUWAHATI-01,AS-GUWAHATI-01,Guwahati Narakasur Hills,Assam,Kamrup Metropolitan,Guwahati Urban Rim,26.142,91.776,10.3,0.0,4.2,0.0,0.29,2.336,2,AUTHENTIC_LIVE_HOURLY,[LIVE/HYBRID]
2026-09-16T05:00:00+00:00,GATEWAY-AS-GUWAHATI-01,AS-GUWAHATI-01,Guwahati Narakasur Hills,Assam,Kamrup Metropolitan,Guwahati Urban Rim,26.142,91.776,10.3,0.0,4.2,0.0,0.29,2.336,2,AUTHENTIC_LIVE_HOURLY,[LIVE/HYBRID]
2026-09-16T07:00:00+00:00,GATEWAY-AS-GUWAHATI-01,AS-GUWAHATI-01,Guwahati Narakasur Hills,Assam,Kamrup Metropolitan,Guwahati Urban Rim,26.142,91.776,8.5,0.0,4.2,0.0,0.25,2.336,9,AUTHENTIC_LIVE_HOURLY,[LIVE/HYBRID]
2026-09-16T08:00:00+00:00,GATEWAY-AS-GUWAHATI-01,AS-GUWAHATI-01,Guwahati Narakasur Hills,Assam,Kamrup Metropolitan,Guwahati Urban Rim,26.142,91.776,8.5,0.1,4.2,0.0,0.25,2.336,17,AUTHENTIC_LIVE_HOURLY,[LIVE/HYBRID]
2026-09-16T09:00:00+00:00,GATEWAY-AS-GUWAHATI-01,AS-GUWAHATI-01,Guwahati Narakasur Hills,Assam,Kamrup Metropolitan,Guwahati Urban Rim,26.142,91.776,8.5,0.2,4.2,0.0,0.25,2.336,5,AUTHENTIC_LIVE_HOURLY,[LIVE/HYBRID]
2026-09-16T10:00:00+00:00,GATEWAY-AS-GUWAHATI-01,AS-GUWAHATI-01,Guwahati Narakasur Hills,Assam,Kamrup Metropolitan,Guwahati Urban Rim,26.142,91.776,8.5,0.2,4.2,0.0,0.25,2.336,1,AUTHENTIC_LIVE_HOURLY,[LIVE/HYBRID]
2026-09-16T11:00:00+00:00,GATEWAY-AS-GUWAHATI-01,AS-GUWAHATI-01,Guwahati Narakasur Hills,Assam,Kamrup Metropolitan,Guwahati Urban Rim,26.142,91.776,8.5,0.0,4.2,0.0,0.25,2.336,4,AUTHENTIC_LIVE_HOURLY,[LIVE/HYBRID]
2026-09-17T05:00:00+00:00,GATEWAY-AS-GUWAHATI-01,AS-GUWAHATI-01,Guwahati Narakasur Hills,Assam,Kamrup Metropolitan,Guwahati Urban Rim,26.142,91.776,8.0,0.0,4.2,0.0,0.2,2.336,7,AUTHENTIC_LIVE_HOURLY,[LIVE/HYBRID]
2026-09-17T06:00:00+00:00,GATEWAY-AS-GUWAHATI-01,AS-GUWAHATI-01,Guwahati Narakasur Hills,Assam,Kamrup Metropolitan,Guwahati Urban Rim,26.142,91.776,16.1,0.3,4.2,0.26,0.2,2.33,28,AUTHENTIC_LIVE_HOURLY,[LIVE/HYBRID]
2026-09-17T07:00:00+00:00,GATEWAY-AS-GUWAHATI-01,AS-GUWAHATI-01,Guwahati Narakasur Hills,Assam,Kamrup Metropolitan,Guwahati Urban Rim,26.142,91.776,16.1,0.0,4.2,0.26,0.2,2.33,30,AUTHENTIC_LIVE_HOURLY,[LIVE/HYBRID]
2026-09-17T08:00:00+00:00,GATEWAY-AS-GUWAHATI-01,AS-GUWAHATI-01,Guwahati Narakasur Hills,Assam,Kamrup Metropolitan,Guwahati Urban Rim,26.142,91.776,16.1,0.2,4.2,0.26,0.2,2.33,10,AUTHENTIC_LIVE_HOURLY,[LIVE/HYBRID]
2026-09-17T09:00:00+00:00,GATEWAY-AS-GUWAHATI-01,AS-GUWAHATI-01,Guwahati Narakasur Hills,Assam,Kamrup Metropolitan,Guwahati Urban Rim,26.142,91.776,16.1,0.3,4.2,0.26,0.2,2.33,3,AUTHENTIC_LIVE_HOURLY,[LIVE/HYBRID]
2026-09-17T10:00:00+00:00,GATEWAY-AS-GUWAHATI-01,AS-GUWAHATI-01,Guwahati Narakasur Hills,Assam,Kamrup Metropolitan,Guwahati Urban Rim,26.142,91.776,16.1,0.3,4.2,0.26,0.2,2.33,2,AUTHENTIC_LIVE_HOURLY,[LIVE/HYBRID]
2026-09-18T06:00:00+00:00,GATEWAY-AS-GUWAHATI-01,AS-GUWAHATI-01,Guwahati Narakasur Hills,Assam,Kamrup Metropolitan,Guwahati Urban Rim,26.142,91.776,12.5,0.0,3.7,0.0,0.13,6.069,7,AUTHENTIC_LIVE_HOURLY,[LIVE/HYBRID]
2026-09-18T07:00:00+00:00,GATEWAY-AS-GUWAHATI-01,AS-GUWAHATI-01,Guwahati Narakasur Hills,Assam,Kamrup Metropolitan,Guwahati Urban Rim,26.142,91.776,12.5,0.0,3.7,0.0,0.13,6.069,18,AUTHENTIC_LIVE_HOURLY,[LIVE/HYBRID]
2026-09-18T08:00:00+00:00,GATEWAY-AS-GUWAHATI-01,AS-GUWAHATI-01,Guwahati Narakasur Hills,Assam,Kamrup Metropolitan,Guwahati Urban Rim,26.142,91.776,12.5,0.0,4.2,0.0,0.13,6.069,4,AUTHENTIC_LIVE_HOURLY,[LIVE/HYBRID]
2026-09-18T11:00:00+00:00,GATEWAY-AS-GUWAHATI-01,AS-GUWAHATI-01,Guwahati Narakasur Hills,Assam,Kamrup Metropolitan,Guwahati Urban Rim,26.142,91.776,12.5,0.0,4.2,0.0,0.13,6.069,1,AUTHENTIC_LIVE_HOURLY,[LIVE/HYBRID]
2026-09-18T12:00:00+00:00,GATEWAY-AS-GUWAHATI-01,AS-GUWAHATI-01,Guwahati Narakasur Hills,Assam,Kamrup Metropolitan,Guwahati Urban Rim,26.142,91.776,12.5,0.0,3.7,0.0,0.13,6.069,4,AUTHENTIC_LIVE_HOURLY,[LIVE/HYBRID]
2026-09-18T14:00:00+00:00,GATEWAY-AS-GUWAHATI-01,AS-GUWAHATI-01,Guwahati Narakasur Hills,Assam,Kamrup Metropolitan,Guwahati Urban Rim,26.142,91.776,13.6,0.0,3.7,0.0,0.12,6.069,17,AUTHENTIC_LIVE_HOURLY,[LIVE/HYBRID]
2026-09-18T15:00:00+00:00,GATEWAY-AS-GUWAHATI-01,AS-GUWAHATI-01,Guwahati Narakasur Hills,Assam,Kamrup Metropolitan,Guwahati Urban Rim,26.142,91.776,13.6,0.0,3.7,0.0,0.12,6.069,41,AUTHENTIC_LIVE_HOURLY,[LIVE/HYBRID]
2026-09-18T16:00:00+00:00,GATEWAY-AS-GUWAHATI-01,AS-GUWAHATI-01,Guwahati Narakasur Hills,Assam,Kamrup Metropolitan,Guwahati Urban Rim,26.142,91.776,13.6,0.0,3.7,0.0,0.12,6.069,20,AUTHENTIC_LIVE_HOURLY,[LIVE/HYBRID]
2026-09-18T17:00:00+00:00,GATEWAY-AS-GUWAHATI-01,AS-GUWAHATI-01,Guwahati Narakasur Hills,Assam,Kamrup Metropolitan,Guwahati Urban Rim,26.142,91.776,13.6,0.0,3.7,0.0,0.12,6.069,9,AUTHENTIC_LIVE_HOURLY,[LIVE/HYBRID]
2026-09-19T17:00:00+00:00,GATEWAY-AS-GUWAHATI-01,AS-GUWAHATI-01,Guwahati Narakasur Hills,Assam,Kamrup Metropolitan,Guwahati Urban Rim,26.142,91.776,95.8,5.32,5.2,19.39,1.68,4.769,1,AUTHENTIC_LIVE_HOURLY,[LIVE/HYBRID]
2026-09-20T08:00:00+00:00,GATEWAY-AS-GUWAHATI-01,AS-GUWAHATI-01,Guwahati Narakasur Hills,Assam,Kamrup Metropolitan,Guwahati Urban Rim,26.142,91.776,88.6,4.92,5.2,17.66,1.55,4.885,1,AUTHENTIC_LIVE_HOURLY,[LIVE/HYBRID]
2026-09-13T09:00:00+00:00,GATEWAY-ML-CHERRA-01,ML-CHERRA-01,Cherrapunji South Escarpment,Meghalaya,East Khasi Hills,Sohra-Shella Corridor,25.275,91.732,18.0,0.1,4.2,0.72,0.24,1.621,7,AUTHENTIC_LIVE_HOURLY,[LIVE/HYBRID]
2026-09-13T10:00:00+00:00,GATEWAY-ML-CHERRA-01,ML-CHERRA-01,Cherrapunji South Escarpment,Meghalaya,East Khasi Hills,Sohra-Shella Corridor,25.275,91.732,18.0,0.1,4.2,0.72,0.24,1.621,11,AUTHENTIC_LIVE_HOURLY,[LIVE/HYBRID]
2026-09-13T11:00:00+00:00,GATEWAY-ML-CHERRA-01,ML-CHERRA-01,Cherrapunji South Escarpment,Meghalaya,East Khasi Hills,Sohra-Shella Corridor,25.275,91.732,18.0,0.3,4.2,0.72,0.24,1.621,11,AUTHENTIC_LIVE_HOURLY,[LIVE/HYBRID]
2026-09-13T12:00:00+00:00,GATEWAY-ML-CHERRA-01,ML-CHERRA-01,Cherrapunji South Escarpment,Meghalaya,East Khasi Hills,Sohra-Shella Corridor,25.275,91.732,18.0,0.1,4.2,0.72,0.24,1.621,10,AUTHENTIC_LIVE_HOURLY,[LIVE/HYBRID]
2026-09-13T18:00:00+00:00,GATEWAY-ML-CHERRA-01,ML-CHERRA-01,Cherrapunji South Escarpment,Meghalaya,East Khasi Hills,Sohra-Shella Corridor,25.275,91.732,112.2,6.23,5.2,23.33,1.96,1.315,1,AUTHENTIC_LIVE_HOURLY,[LIVE/HYBRID]
2026-09-14T14:00:00+00:00,GATEWAY-ML-CHERRA-01,ML-CHERRA-01,Cherrapunji South Escarpment,Meghalaya,East Khasi Hills,Sohra-Shella Corridor,25.275,91.732,108.2,6.01,5.2,22.37,1.89,1.328,1,AUTHENTIC_LIVE_HOURLY,[LIVE/HYBRID]
2026-09-16T01:00:00+00:00,GATEWAY-ML-CHERRA-01,ML-CHERRA-01,Cherrapunji South Escarpment,Meghalaya,East Khasi Hills,Sohra-Shella Corridor,25.275,91.732,3.6,0.0,4.2,0.0,0.13,1.631,12,AUTHENTIC_LIVE_HOURLY,[LIVE/HYBRID]
2026-09-16T02:00:00+00:00,GATEWAY-ML-CHERRA-01,ML-CHERRA-01,Cherrapunji South Escarpment,Meghalaya,East Khasi Hills,Sohra-Shella Corridor,25.275,91.732,3.6,0.1,4.2,0.0,0.13,1.631,5,AUTHENTIC_LIVE_HOURLY,[LIVE/HYBRID]
2026-09-16T04:00:00+00:00,GATEWAY-ML-CHERRA-01,ML-CHERRA-01,Cherrapunji South Escarpment,Meghalaya,East Khasi Hills,Sohra-Shella Corridor,25.275,91.732,3.6,0.0,4.2,0.0,0.13,1.631,2,AUTHENTIC_LIVE_HOURLY,[LIVE/HYBRID]
2026-09-16T05:00:00+00:00,GATEWAY-ML-CHERRA-01,ML-CHERRA-01,Cherrapunji South Escarpment,Meghalaya,East Khasi Hills,Sohra-Shella Corridor,25.275,91.732,3.6,0.4,4.2,0.0,0.13,1.631,2,AUTHENTIC_LIVE_HOURLY,[LIVE/HYBRID]
2026-09-16T07:00:00+00:00,GATEWAY-ML-CHERRA-01,ML-CHERRA-01,Cherrapunji South Escarpment,Meghalaya,East Khasi Hills,Sohra-Shella Corridor,25.275,91.732,1.7,0.0,4.2,0.0,0.11,1.631,9,AUTHENTIC_LIVE_HOURLY,[LIVE/HYBRID]
2026-09-16T08:00:00+00:00,GATEWAY-ML-CHERRA-01,ML-CHERRA-01,Cherrapunji South Escarpment,Meghalaya,East Khasi Hills,Sohra-Shella Corridor,25.275,91.732,1.7,0.0,4.2,0.0,0.11,1.631,17,AUTHENTIC_LIVE_HOURLY,[LIVE/HYBRID]
2026-09-16T09:00:00+00:00,GATEWAY-ML-CHERRA-01,ML-CHERRA-01,Cherrapunji South Escarpment,Meghalaya,East Khasi Hills,Sohra-Shella Corridor,25.275,91.732,1.7,0.0,4.2,0.0,0.11,1.631,5,AUTHENTIC_LIVE_HOURLY,[LIVE/HYBRID]
2026-09-16T10:00:00+00:00,GATEWAY-ML-CHERRA-01,ML-CHERRA-01,Cherrapunji South Escarpment,Meghalaya,East Khasi Hills,Sohra-Shella Corridor,25.275,91.732,1.7,0.0,4.2,0.0,0.11,1.631,1,AUTHENTIC_LIVE_HOURLY,[LIVE/HYBRID]
2026-09-16T11:00:00+00:00,GATEWAY-ML-CHERRA-01,ML-CHERRA-01,Cherrapunji South Escarpment,Meghalaya,East Khasi Hills,Sohra-Shella Corridor,25.275,91.732,1.7,0.0,4.2,0.0,0.11,1.631,4,AUTHENTIC_LIVE_HOURLY,[LIVE/HYBRID]
2026-09-17T05:00:00+00:00,GATEWAY-ML-CHERRA-01,ML-CHERRA-01,Cherrapunji South Escarpment,Meghalaya,East Khasi Hills,Sohra-Shella Corridor,25.275,91.732,5.4,0.2,4.2,0.0,0.14,1.631,7,AUTHENTIC_LIVE_HOURLY,[LIVE/HYBRID]
2026-09-17T06:00:00+00:00,GATEWAY-ML-CHERRA-01,ML-CHERRA-01,Cherrapunji South Escarpment,Meghalaya,East Khasi Hills,Sohra-Shella Corridor,25.275,91.732,4.5,0.1,4.2,0.0,0.09,1.631,28,AUTHENTIC_LIVE_HOURLY,[LIVE/HYBRID]
2026-09-17T07:00:00+00:00,GATEWAY-ML-CHERRA-01,ML-CHERRA-01,Cherrapunji South Escarpment,Meghalaya,East Khasi Hills,Sohra-Shella Corridor,25.275,91.732,4.5,0.1,4.2,0.0,0.09,1.631,30,AUTHENTIC_LIVE_HOURLY,[LIVE/HYBRID]
2026-09-17T08:00:00+00:00,GATEWAY-ML-CHERRA-01,ML-CHERRA-01,Cherrapunji South Escarpment,Meghalaya,East Khasi Hills,Sohra-Shella Corridor,25.275,91.732,4.5,0.2,4.2,0.0,0.09,1.631,10,AUTHENTIC_LIVE_HOURLY,[LIVE/HYBRID]
2026-09-17T09:00:00+00:00,GATEWAY-ML-CHERRA-01,ML-CHERRA-01,Cherrapunji South Escarpment,Meghalaya,East Khasi Hills,Sohra-Shella Corridor,25.275,91.732,4.5,0.0,4.2,0.0,0.09,1.631,4,AUTHENTIC_LIVE_HOURLY,[LIVE/HYBRID]
2026-09-17T10:00:00+00:00,GATEWAY-ML-CHERRA-01,ML-CHERRA-01,Cherrapunji South Escarpment,Meghalaya,East Khasi Hills,Sohra-Shella Corridor,25.275,91.732,4.5,0.0,4.2,0.0,0.09,1.631,1,AUTHENTIC_LIVE_HOURLY,[LIVE/HYBRID]
2026-09-18T06:00:00+00:00,GATEWAY-ML-CHERRA-01,ML-CHERRA-01,Cherrapunji South Escarpment,Meghalaya,East Khasi Hills,Sohra-Shella Corridor,25.275,91.732,2.7,0.2,3.7,0.0,0.09,2.93,7,AUTHENTIC_LIVE_HOURLY,[LIVE/HYBRID]
2026-09-18T07:00:00+00:00,GATEWAY-ML-CHERRA-01,ML-CHERRA-01,Cherrapunji South Escarpment,Meghalaya,East Khasi Hills,Sohra-Shella Corridor,25.275,91.732,2.7,0.1,3.7,0.0,0.09,2.93,18,AUTHENTIC_LIVE_HOURLY,[LIVE/HYBRID]
2026-09-18T08:00:00+00:00,GATEWAY-ML-CHERRA-01,ML-CHERRA-01,Cherrapunji South Escarpment,Meghalaya,East Khasi Hills,Sohra-Shella Corridor,25.275,91.732,2.7,0.1,4.2,0.0,0.09,2.93,4,AUTHENTIC_LIVE_HOURLY,[LIVE/HYBRID]
2026-09-18T11:00:00+00:00,GATEWAY-ML-CHERRA-01,ML-CHERRA-01,Cherrapunji South Escarpment,Meghalaya,East Khasi Hills,Sohra-Shella Corridor,25.275,91.732,2.7,0.1,4.2,0.0,0.09,2.93,1,AUTHENTIC_LIVE_HOURLY,[LIVE/HYBRID]
2026-09-18T12:00:00+00:00,GATEWAY-ML-CHERRA-01,ML-CHERRA-01,Cherrapunji South Escarpment,Meghalaya,East Khasi Hills,Sohra-Shella Corridor,25.275,91.732,2.7,0.0,3.7,0.0,0.09,2.93,4,AUTHENTIC_LIVE_HOURLY,[LIVE/HYBRID]
2026-09-18T14:00:00+00:00,GATEWAY-ML-CHERRA-01,ML-CHERRA-01,Cherrapunji South Escarpment,Meghalaya,East Khasi Hills,Sohra-Shella Corridor,25.275,91.732,2.6,0.0,3.7,0.0,0.07,2.93,17,AUTHENTIC_LIVE_HOURLY,[LIVE/HYBRID]
2026-09-18T15:00:00+00:00,GATEWAY-ML-CHERRA-01,ML-CHERRA-01,Cherrapunji South Escarpment,Meghalaya,East Khasi Hills,Sohra-Shella Corridor,25.275,91.732,2.6,0.0,3.7,0.0,0.07,2.93,41,AUTHENTIC_LIVE_HOURLY,[LIVE/HYBRID]
2026-09-18T16:00:00+00:00,GATEWAY-ML-CHERRA-01,ML-CHERRA-01,Cherrapunji South Escarpment,Meghalaya,East Khasi Hills,Sohra-Shella Corridor,25.275,91.732,2.6,0.0,3.7,0.0,0.07,2.93,20,AUTHENTIC_LIVE_HOURLY,[LIVE/HYBRID]
2026-09-18T17:00:00+00:00,GATEWAY-ML-CHERRA-01,ML-CHERRA-01,Cherrapunji South Escarpment,Meghalaya,East Khasi Hills,Sohra-Shella Corridor,25.275,91.732,2.6,0.0,3.7,0.0,0.07,2.93,9,AUTHENTIC_LIVE_HOURLY,[LIVE/HYBRID]
2026-09-19T17:00:00+00:00,GATEWAY-ML-CHERRA-01,ML-CHERRA-01,Cherrapunji South Escarpment,Meghalaya,East Khasi Hills,Sohra-Shella Corridor,25.275,91.732,111.4,6.19,5.2,23.14,1.95,2.307,1,AUTHENTIC_LIVE_HOURLY,[LIVE/HYBRID]
2026-09-20T08:00:00+00:00,GATEWAY-ML-CHERRA-01,ML-CHERRA-01,Cherrapunji South Escarpment,Meghalaya,East Khasi Hills,Sohra-Shella Corridor,25.275,91.732,104.2,5.79,5.2,21.41,1.82,2.353,1,AUTHENTIC_LIVE_HOURLY,[LIVE/HYBRID]
2026-09-13T09:00:00+00:00,GATEWAY-ML-SONAPUR-01,ML-SONAPUR-01,Sonapur Tunnel NH-06,Meghalaya,East Jaintia Hills,NH-06 Barak Valley Lifeline,25.105,92.362,3.7,0.0,4.2,0.0,0.09,1.433,7,AUTHENTIC_LIVE_HOURLY,[LIVE/HYBRID]
2026-09-13T10:00:00+00:00,GATEWAY-ML-SONAPUR-01,ML-SONAPUR-01,Sonapur Tunnel NH-06,Meghalaya,East Jaintia Hills,NH-06 Barak Valley Lifeline,25.105,92.362,3.7,0.0,4.2,0.0,0.09,1.433,11,AUTHENTIC_LIVE_HOURLY,[LIVE/HYBRID]
2026-09-13T11:00:00+00:00,GATEWAY-ML-SONAPUR-01,ML-SONAPUR-01,Sonapur Tunnel NH-06,Meghalaya,East Jaintia Hills,NH-06 Barak Valley Lifeline,25.105,92.362,3.7,0.0,4.2,0.0,0.09,1.433,11,AUTHENTIC_LIVE_HOURLY,[LIVE/HYBRID]
2026-09-13T12:00:00+00:00,GATEWAY-ML-SONAPUR-01,ML-SONAPUR-01,Sonapur Tunnel NH-06,Meghalaya,East Jaintia Hills,NH-06 Barak Valley Lifeline,25.105,92.362,3.3,0.0,4.2,0.0,0.12,1.433,10,AUTHENTIC_LIVE_HOURLY,[LIVE/HYBRID]
2026-09-13T18:00:00+00:00,GATEWAY-ML-SONAPUR-01,ML-SONAPUR-01,Sonapur Tunnel NH-06,Meghalaya,East Jaintia Hills,NH-06 Barak Valley Lifeline,25.105,92.362,100.2,5.57,5.2,20.45,1.75,1.203,1,AUTHENTIC_LIVE_HOURLY,[LIVE/HYBRID]
2026-09-14T14:00:00+00:00,GATEWAY-ML-SONAPUR-01,ML-SONAPUR-01,Sonapur Tunnel NH-06,Meghalaya,East Jaintia Hills,NH-06 Barak Valley Lifeline,25.105,92.362,96.2,5.34,5.2,19.49,1.68,1.214,1,AUTHENTIC_LIVE_HOURLY,[LIVE/HYBRID]
2026-09-16T01:00:00+00:00,GATEWAY-ML-SONAPUR-01,ML-SONAPUR-01,Sonapur Tunnel NH-06,Meghalaya,East Jaintia Hills,NH-06 Barak Valley Lifeline,25.105,92.362,31.2,0.1,4.2,3.89,0.35,1.39,12,AUTHENTIC_LIVE_HOURLY,[LIVE/HYBRID]
2026-09-16T02:00:00+00:00,GATEWAY-ML-SONAPUR-01,ML-SONAPUR-01,Sonapur Tunnel NH-06,Meghalaya,East Jaintia Hills,NH-06 Barak Valley Lifeline,25.105,92.362,31.2,0.0,4.2,3.89,0.35,1.39,4,AUTHENTIC_LIVE_HOURLY,[LIVE/HYBRID]
2026-09-16T04:00:00+00:00,GATEWAY-ML-SONAPUR-01,ML-SONAPUR-01,Sonapur Tunnel NH-06,Meghalaya,East Jaintia Hills,NH-06 Barak Valley Lifeline,25.105,92.362,31.2,0.0,4.2,3.89,0.35,1.39,2,AUTHENTIC_LIVE_HOURLY,[LIVE/HYBRID]
2026-09-16T05:00:00+00:00,GATEWAY-ML-SONAPUR-01,ML-SONAPUR-01,Sonapur Tunnel NH-06,Meghalaya,East Jaintia Hills,NH-06 Barak Valley Lifeline,25.105,92.362,31.2,0.0,4.2,3.89,0.35,1.39,2,AUTHENTIC_LIVE_HOURLY,[LIVE/HYBRID]
2026-09-16T07:00:00+00:00,GATEWAY-ML-SONAPUR-01,ML-SONAPUR-01,Sonapur Tunnel NH-06,Meghalaya,East Jaintia Hills,NH-06 Barak Valley Lifeline,25.105,92.362,27.2,0.0,4.2,2.93,0.35,1.401,9,AUTHENTIC_LIVE_HOURLY,[LIVE/HYBRID]
2026-09-16T08:00:00+00:00,GATEWAY-ML-SONAPUR-01,ML-SONAPUR-01,Sonapur Tunnel NH-06,Meghalaya,East Jaintia Hills,NH-06 Barak Valley Lifeline,25.105,92.362,27.2,0.1,4.2,2.93,0.35,1.401,17,AUTHENTIC_LIVE_HOURLY,[LIVE/HYBRID]
2026-09-16T09:00:00+00:00,GATEWAY-ML-SONAPUR-01,ML-SONAPUR-01,Sonapur Tunnel NH-06,Meghalaya,East Jaintia Hills,NH-06 Barak Valley Lifeline,25.105,92.362,27.2,0.0,4.2,2.93,0.35,1.401,5,AUTHENTIC_LIVE_HOURLY,[LIVE/HYBRID]
2026-09-16T10:00:00+00:00,GATEWAY-ML-SONAPUR-01,ML-SONAPUR-01,Sonapur Tunnel NH-06,Meghalaya,East Jaintia Hills,NH-06 Barak Valley Lifeline,25.105,92.362,27.2,0.0,4.2,2.93,0.35,1.401,1,AUTHENTIC_LIVE_HOURLY,[LIVE/HYBRID]
2026-09-16T11:00:00+00:00,GATEWAY-ML-SONAPUR-01,ML-SONAPUR-01,Sonapur Tunnel NH-06,Meghalaya,East Jaintia Hills,NH-06 Barak Valley Lifeline,25.105,92.362,27.2,1.4,4.2,2.93,0.35,1.401,4,AUTHENTIC_LIVE_HOURLY,[LIVE/HYBRID]
2026-09-17T05:00:00+00:00,GATEWAY-ML-SONAPUR-01,ML-SONAPUR-01,Sonapur Tunnel NH-06,Meghalaya,East Jaintia Hills,NH-06 Barak Valley Lifeline,25.105,92.362,19.3,0.0,4.2,1.03,0.27,1.422,7,AUTHENTIC_LIVE_HOURLY,[LIVE/HYBRID]
2026-09-17T06:00:00+00:00,GATEWAY-ML-SONAPUR-01,ML-SONAPUR-01,Sonapur Tunnel NH-06,Meghalaya,East Jaintia Hills,NH-06 Barak Valley Lifeline,25.105,92.362,20.9,0.1,4.2,1.42,0.23,1.417,28,AUTHENTIC_LIVE_HOURLY,[LIVE/HYBRID]
2026-09-17T07:00:00+00:00,GATEWAY-ML-SONAPUR-01,ML-SONAPUR-01,Sonapur Tunnel NH-06,Meghalaya,East Jaintia Hills,NH-06 Barak Valley Lifeline,25.105,92.362,20.9,0.0,4.2,1.42,0.23,1.417,30,AUTHENTIC_LIVE_HOURLY,[LIVE/HYBRID]
2026-09-17T08:00:00+00:00,GATEWAY-ML-SONAPUR-01,ML-SONAPUR-01,Sonapur Tunnel NH-06,Meghalaya,East Jaintia Hills,NH-06 Barak Valley Lifeline,25.105,92.362,20.9,0.0,4.2,1.42,0.23,1.417,10,AUTHENTIC_LIVE_HOURLY,[LIVE/HYBRID]
2026-09-17T09:00:00+00:00,GATEWAY-ML-SONAPUR-01,ML-SONAPUR-01,Sonapur Tunnel NH-06,Meghalaya,East Jaintia Hills,NH-06 Barak Valley Lifeline,25.105,92.362,20.9,0.3,4.2,1.42,0.23,1.417,4,AUTHENTIC_LIVE_HOURLY,[LIVE/HYBRID]
2026-09-17T10:00:00+00:00,GATEWAY-ML-SONAPUR-01,ML-SONAPUR-01,Sonapur Tunnel NH-06,Meghalaya,East Jaintia Hills,NH-06 Barak Valley Lifeline,25.105,92.362,20.9,0.3,4.2,1.42,0.23,1.417,1,AUTHENTIC_LIVE_HOURLY,[LIVE/HYBRID]
2026-09-18T06:00:00+00:00,GATEWAY-ML-SONAPUR-01,ML-SONAPUR-01,Sonapur Tunnel NH-06,Meghalaya,East Jaintia Hills,NH-06 Barak Valley Lifeline,25.105,92.362,1.3,0.0,3.7,0.0,0.07,3.885,7,AUTHENTIC_LIVE_HOURLY,[LIVE/HYBRID]
2026-09-18T07:00:00+00:00,GATEWAY-ML-SONAPUR-01,ML-SONAPUR-01,Sonapur Tunnel NH-06,Meghalaya,East Jaintia Hills,NH-06 Barak Valley Lifeline,25.105,92.362,1.3,0.0,3.7,0.0,0.07,3.885,18,AUTHENTIC_LIVE_HOURLY,[LIVE/HYBRID]
2026-09-18T08:00:00+00:00,GATEWAY-ML-SONAPUR-01,ML-SONAPUR-01,Sonapur Tunnel NH-06,Meghalaya,East Jaintia Hills,NH-06 Barak Valley Lifeline,25.105,92.362,1.3,0.0,4.2,0.0,0.07,3.885,4,AUTHENTIC_LIVE_HOURLY,[LIVE/HYBRID]
2026-09-18T11:00:00+00:00,GATEWAY-ML-SONAPUR-01,ML-SONAPUR-01,Sonapur Tunnel NH-06,Meghalaya,East Jaintia Hills,NH-06 Barak Valley Lifeline,25.105,92.362,1.3,0.0,4.2,0.0,0.07,3.885,1,AUTHENTIC_LIVE_HOURLY,[LIVE/HYBRID]
2026-09-18T12:00:00+00:00,GATEWAY-ML-SONAPUR-01,ML-SONAPUR-01,Sonapur Tunnel NH-06,Meghalaya,East Jaintia Hills,NH-06 Barak Valley Lifeline,25.105,92.362,1.3,0.0,3.7,0.0,0.07,3.885,4,AUTHENTIC_LIVE_HOURLY,[LIVE/HYBRID]
2026-09-18T14:00:00+00:00,GATEWAY-ML-SONAPUR-01,ML-SONAPUR-01,Sonapur Tunnel NH-06,Meghalaya,East Jaintia Hills,NH-06 Barak Valley Lifeline,25.105,92.362,1.2,0.0,3.7,0.0,0.03,3.885,17,AUTHENTIC_LIVE_HOURLY,[LIVE/HYBRID]
2026-09-18T15:00:00+00:00,GATEWAY-ML-SONAPUR-01,ML-SONAPUR-01,Sonapur Tunnel NH-06,Meghalaya,East Jaintia Hills,NH-06 Barak Valley Lifeline,25.105,92.362,1.2,0.0,3.7,0.0,0.03,3.885,41,AUTHENTIC_LIVE_HOURLY,[LIVE/HYBRID]
2026-09-18T16:00:00+00:00,GATEWAY-ML-SONAPUR-01,ML-SONAPUR-01,Sonapur Tunnel NH-06,Meghalaya,East Jaintia Hills,NH-06 Barak Valley Lifeline,25.105,92.362,1.2,0.0,3.7,0.0,0.03,3.885,20,AUTHENTIC_LIVE_HOURLY,[LIVE/HYBRID]
2026-09-18T17:00:00+00:00,GATEWAY-ML-SONAPUR-01,ML-SONAPUR-01,Sonapur Tunnel NH-06,Meghalaya,East Jaintia Hills,NH-06 Barak Valley Lifeline,25.105,92.362,1.2,0.0,3.7,0.0,0.03,3.885,9,AUTHENTIC_LIVE_HOURLY,[LIVE/HYBRID]
2026-09-19T17:00:00+00:00,GATEWAY-ML-SONAPUR-01,ML-SONAPUR-01,Sonapur Tunnel NH-06,Meghalaya,East Jaintia Hills,NH-06 Barak Valley Lifeline,25.105,92.362,99.4,5.52,5.2,20.26,1.74,3.114,1,AUTHENTIC_LIVE_HOURLY,[LIVE/HYBRID]
2026-09-20T08:00:00+00:00,GATEWAY-ML-SONAPUR-01,ML-SONAPUR-01,Sonapur Tunnel NH-06,Meghalaya,East Jaintia Hills,NH-06 Barak Valley Lifeline,25.105,92.362,92.2,5.12,5.2,18.53,1.61,3.18,1,AUTHENTIC_LIVE_HOURLY,[LIVE/HYBRID]
2026-09-13T09:00:00+00:00,GATEWAY-MN-JIRIBAM-01,MN-JIRIBAM-01,Imphal-Jiribam NH-37 Km 78,Manipur,Tamenglong,NH-37 Lifeline,24.802,93.421,3.6,0.1,4.2,0.0,0.1,1.631,7,AUTHENTIC_LIVE_HOURLY,[LIVE/HYBRID]
2026-09-13T10:00:00+00:00,GATEWAY-MN-JIRIBAM-01,MN-JIRIBAM-01,Imphal-Jiribam NH-37 Km 78,Manipur,Tamenglong,NH-37 Lifeline,24.802,93.421,3.6,0.1,4.2,0.0,0.1,1.631,11,AUTHENTIC_LIVE_HOURLY,[LIVE/HYBRID]
2026-09-13T11:00:00+00:00,GATEWAY-MN-JIRIBAM-01,MN-JIRIBAM-01,Imphal-Jiribam NH-37 Km 78,Manipur,Tamenglong,NH-37 Lifeline,24.802,93.421,3.6,0.0,4.2,0.0,0.1,1.631,11,AUTHENTIC_LIVE_HOURLY,[LIVE/HYBRID]
2026-09-13T12:00:00+00:00,GATEWAY-MN-JIRIBAM-01,MN-JIRIBAM-01,Imphal-Jiribam NH-37 Km 78,Manipur,Tamenglong,NH-37 Lifeline,24.802,93.421,3.6,0.0,4.2,0.0,0.13,1.631,10,AUTHENTIC_LIVE_HOURLY,[LIVE/HYBRID]
2026-09-13T18:00:00+00:00,GATEWAY-MN-JIRIBAM-01,MN-JIRIBAM-01,Imphal-Jiribam NH-37 Km 78,Manipur,Tamenglong,NH-37 Lifeline,24.802,93.421,76.2,4.23,5.2,14.69,1.33,1.432,1,AUTHENTIC_LIVE_HOURLY,[LIVE/HYBRID]
2026-09-14T14:00:00+00:00,GATEWAY-MN-JIRIBAM-01,MN-JIRIBAM-01,Imphal-Jiribam NH-37 Km 78,Manipur,Tamenglong,NH-37 Lifeline,24.802,93.421,72.2,4.01,5.2,13.73,1.26,1.445,1,AUTHENTIC_LIVE_HOURLY,[LIVE/HYBRID]
2026-09-16T01:00:00+00:00,GATEWAY-MN-JIRIBAM-01,MN-JIRIBAM-01,Imphal-Jiribam NH-37 Km 78,Manipur,Tamenglong,NH-37 Lifeline,24.802,93.421,62.6,3.48,4.2,11.42,1.1,1.476,12,AUTHENTIC_LIVE_HOURLY,[LIVE/HYBRID]
2026-09-16T02:00:00+00:00,GATEWAY-MN-JIRIBAM-01,MN-JIRIBAM-01,Imphal-Jiribam NH-37 Km 78,Manipur,Tamenglong,NH-37 Lifeline,24.802,93.421,20.8,0.1,4.2,1.39,0.37,1.612,5,AUTHENTIC_LIVE_HOURLY,[LIVE/HYBRID]
2026-09-16T04:00:00+00:00,GATEWAY-MN-JIRIBAM-01,MN-JIRIBAM-01,Imphal-Jiribam NH-37 Km 78,Manipur,Tamenglong,NH-37 Lifeline,24.802,93.421,20.8,0.1,4.2,1.39,0.37,1.612,2,AUTHENTIC_LIVE_HOURLY,[LIVE/HYBRID]
2026-09-16T05:00:00+00:00,GATEWAY-MN-JIRIBAM-01,MN-JIRIBAM-01,Imphal-Jiribam NH-37 Km 78,Manipur,Tamenglong,NH-37 Lifeline,24.802,93.421,20.8,0.0,4.2,1.39,0.37,1.612,2,AUTHENTIC_LIVE_HOURLY,[LIVE/HYBRID]
2026-09-16T07:00:00+00:00,GATEWAY-MN-JIRIBAM-01,MN-JIRIBAM-01,Imphal-Jiribam NH-37 Km 78,Manipur,Tamenglong,NH-37 Lifeline,24.802,93.421,15.0,0.1,4.2,0.0,0.27,1.631,9,AUTHENTIC_LIVE_HOURLY,[LIVE/HYBRID]
2026-09-16T08:00:00+00:00,GATEWAY-MN-JIRIBAM-01,MN-JIRIBAM-01,Imphal-Jiribam NH-37 Km 78,Manipur,Tamenglong,NH-37 Lifeline,24.802,93.421,15.0,0.1,4.2,0.0,0.27,1.631,17,AUTHENTIC_LIVE_HOURLY,[LIVE/HYBRID]
2026-09-16T09:00:00+00:00,GATEWAY-MN-JIRIBAM-01,MN-JIRIBAM-01,Imphal-Jiribam NH-37 Km 78,Manipur,Tamenglong,NH-37 Lifeline,24.802,93.421,15.0,0.0,4.2,0.0,0.27,1.631,5,AUTHENTIC_LIVE_HOURLY,[LIVE/HYBRID]
2026-09-16T10:00:00+00:00,GATEWAY-MN-JIRIBAM-01,MN-JIRIBAM-01,Imphal-Jiribam NH-37 Km 78,Manipur,Tamenglong,NH-37 Lifeline,24.802,93.421,15.0,0.0,4.2,0.0,0.27,1.631,1,AUTHENTIC_LIVE_HOURLY,[LIVE/HYBRID]
2026-09-16T11:00:00+00:00,GATEWAY-MN-JIRIBAM-01,MN-JIRIBAM-01,Imphal-Jiribam NH-37 Km 78,Manipur,Tamenglong,NH-37 Lifeline,24.802,93.421,15.0,0.0,4.2,0.0,0.27,1.631,4,AUTHENTIC_LIVE_HOURLY,[LIVE/HYBRID]
2026-09-17T05:00:00+00:00,GATEWAY-MN-JIRIBAM-01,MN-JIRIBAM-01,Imphal-Jiribam NH-37 Km 78,Manipur,Tamenglong,NH-37 Lifeline,24.802,93.421,21.1,0.4,4.2,1.46,0.25,1.611,7,AUTHENTIC_LIVE_HOURLY,[LIVE/HYBRID]
2026-09-17T06:00:00+00:00,GATEWAY-MN-JIRIBAM-01,MN-JIRIBAM-01,Imphal-Jiribam NH-37 Km 78,Manipur,Tamenglong,NH-37 Lifeline,24.802,93.421,17.4,0.4,4.2,0.58,0.23,1.623,28,AUTHENTIC_LIVE_HOURLY,[LIVE/HYBRID]
2026-09-17T07:00:00+00:00,GATEWAY-MN-JIRIBAM-01,MN-JIRIBAM-01,Imphal-Jiribam NH-37 Km 78,Manipur,Tamenglong,NH-37 Lifeline,24.802,93.421,17.4,0.1,4.2,0.58,0.23,1.623,30,AUTHENTIC_LIVE_HOURLY,[LIVE/HYBRID]
2026-09-17T08:00:00+00:00,GATEWAY-MN-JIRIBAM-01,MN-JIRIBAM-01,Imphal-Jiribam NH-37 Km 78,Manipur,Tamenglong,NH-37 Lifeline,24.802,93.421,17.4,0.3,4.2,0.58,0.23,1.623,10,AUTHENTIC_LIVE_HOURLY,[LIVE/HYBRID]
2026-09-17T09:00:00+00:00,GATEWAY-MN-JIRIBAM-01,MN-JIRIBAM-01,Imphal-Jiribam NH-37 Km 78,Manipur,Tamenglong,NH-37 Lifeline,24.802,93.421,17.4,0.1,4.2,0.58,0.23,1.623,4,AUTHENTIC_LIVE_HOURLY,[LIVE/HYBRID]
2026-09-17T10:00:00+00:00,GATEWAY-MN-JIRIBAM-01,MN-JIRIBAM-01,Imphal-Jiribam NH-37 Km 78,Manipur,Tamenglong,NH-37 Lifeline,24.802,93.421,17.4,0.1,4.2,0.58,0.23,1.623,1,AUTHENTIC_LIVE_HOURLY,[LIVE/HYBRID]
2026-09-18T06:00:00+00:00,GATEWAY-MN-JIRIBAM-01,MN-JIRIBAM-01,Imphal-Jiribam NH-37 Km 78,Manipur,Tamenglong,NH-37 Lifeline,24.802,93.421,1.7,0.0,3.7,0.0,0.05,4.367,8,AUTHENTIC_LIVE_HOURLY,[LIVE/HYBRID]
2026-09-18T07:00:00+00:00,GATEWAY-MN-JIRIBAM-01,MN-JIRIBAM-01,Imphal-Jiribam NH-37 Km 78,Manipur,Tamenglong,NH-37 Lifeline,24.802,93.421,1.7,0.0,3.7,0.0,0.05,4.367,17,AUTHENTIC_LIVE_HOURLY,[LIVE/HYBRID]
2026-09-18T08:00:00+00:00,GATEWAY-MN-JIRIBAM-01,MN-JIRIBAM-01,Imphal-Jiribam NH-37 Km 78,Manipur,Tamenglong,NH-37 Lifeline,24.802,93.421,1.7,0.0,4.2,0.0,0.05,4.367,4,AUTHENTIC_LIVE_HOURLY,[LIVE/HYBRID]
2026-09-18T11:00:00+00:00,GATEWAY-MN-JIRIBAM-01,MN-JIRIBAM-01,Imphal-Jiribam NH-37 Km 78,Manipur,Tamenglong,NH-37 Lifeline,24.802,93.421,1.7,0.0,4.2,0.0,0.05,4.367,1,AUTHENTIC_LIVE_HOURLY,[LIVE/HYBRID]
2026-09-18T12:00:00+00:00,GATEWAY-MN-JIRIBAM-01,MN-JIRIBAM-01,Imphal-Jiribam NH-37 Km 78,Manipur,Tamenglong,NH-37 Lifeline,24.802,93.421,1.7,0.0,3.7,0.0,0.05,4.367,4,AUTHENTIC_LIVE_HOURLY,[LIVE/HYBRID]
2026-09-18T14:00:00+00:00,GATEWAY-MN-JIRIBAM-01,MN-JIRIBAM-01,Imphal-Jiribam NH-37 Km 78,Manipur,Tamenglong,NH-37 Lifeline,24.802,93.421,1.9,0.0,3.7,0.0,0.05,4.367,18,AUTHENTIC_LIVE_HOURLY,[LIVE/HYBRID]
2026-09-18T15:00:00+00:00,GATEWAY-MN-JIRIBAM-01,MN-JIRIBAM-01,Imphal-Jiribam NH-37 Km 78,Manipur,Tamenglong,NH-37 Lifeline,24.802,93.421,1.9,0.0,3.7,0.0,0.05,4.367,40,AUTHENTIC_LIVE_HOURLY,[LIVE/HYBRID]
2026-09-18T16:00:00+00:00,GATEWAY-MN-JIRIBAM-01,MN-JIRIBAM-01,Imphal-Jiribam NH-37 Km 78,Manipur,Tamenglong,NH-37 Lifeline,24.802,93.421,1.9,0.0,3.7,0.0,0.05,4.367,20,AUTHENTIC_LIVE_HOURLY,[LIVE/HYBRID]
2026-09-18T17:00:00+00:00,GATEWAY-MN-JIRIBAM-01,MN-JIRIBAM-01,Imphal-Jiribam NH-37 Km 78,Manipur,Tamenglong,NH-37 Lifeline,24.802,93.421,1.9,0.0,3.7,0.0,0.05,4.367,9,AUTHENTIC_LIVE_HOURLY,[LIVE/HYBRID]
2026-09-19T17:00:00+00:00,GATEWAY-MN-JIRIBAM-01,MN-JIRIBAM-01,Imphal-Jiribam NH-37 Km 78,Manipur,Tamenglong,NH-37 Lifeline,24.802,93.421,75.4,4.19,5.2,14.5,1.32,3.743,1,AUTHENTIC_LIVE_HOURLY,[LIVE/HYBRID]
2026-09-20T08:00:00+00:00,GATEWAY-MN-JIRIBAM-01,MN-JIRIBAM-01,Imphal-Jiribam NH-37 Km 78,Manipur,Tamenglong,NH-37 Lifeline,24.802,93.421,68.2,3.79,5.2,12.77,1.19,3.818,1,AUTHENTIC_LIVE_HOURLY,[LIVE/HYBRID]
2026-09-13T09:00:00+00:00,GATEWAY-MN-TUPUL-01,MN-TUPUL-01,Noney Tupul Railway Corridor,Manipur,Noney,Jiribam-Imphal Railway,24.818,93.635,1.7,0.0,4.2,0.0,0.07,1.126,7,AUTHENTIC_LIVE_HOURLY,[LIVE/HYBRID]
2026-09-13T10:00:00+00:00,GATEWAY-MN-TUPUL-01,MN-TUPUL-01,Noney Tupul Railway Corridor,Manipur,Noney,Jiribam-Imphal Railway,24.818,93.635,1.7,0.0,4.2,0.0,0.07,1.126,11,AUTHENTIC_LIVE_HOURLY,[LIVE/HYBRID]
2026-09-13T11:00:00+00:00,GATEWAY-MN-TUPUL-01,MN-TUPUL-01,Noney Tupul Railway Corridor,Manipur,Noney,Jiribam-Imphal Railway,24.818,93.635,1.7,0.0,4.2,0.0,0.07,1.126,11,AUTHENTIC_LIVE_HOURLY,[LIVE/HYBRID]
2026-09-13T12:00:00+00:00,GATEWAY-MN-TUPUL-01,MN-TUPUL-01,Noney Tupul Railway Corridor,Manipur,Noney,Jiribam-Imphal Railway,24.818,93.635,1.9,0.0,4.2,0.0,0.06,1.126,10,AUTHENTIC_LIVE_HOURLY,[LIVE/HYBRID]
2026-09-13T18:00:00+00:00,GATEWAY-MN-TUPUL-01,MN-TUPUL-01,Noney Tupul Railway Corridor,Manipur,Noney,Jiribam-Imphal Railway,24.818,93.635,81.0,4.5,5.2,15.84,1.42,0.98,1,AUTHENTIC_LIVE_HOURLY,[LIVE/HYBRID]
2026-09-14T14:00:00+00:00,GATEWAY-MN-TUPUL-01,MN-TUPUL-01,Noney Tupul Railway Corridor,Manipur,Noney,Jiribam-Imphal Railway,24.818,93.635,77.0,4.28,5.2,14.88,1.35,0.989,1,AUTHENTIC_LIVE_HOURLY,[LIVE/HYBRID]
2026-09-16T01:00:00+00:00,GATEWAY-MN-TUPUL-01,MN-TUPUL-01,Noney Tupul Railway Corridor,Manipur,Noney,Jiribam-Imphal Railway,24.818,93.635,7.3,0.0,4.2,0.0,0.16,1.126,12,AUTHENTIC_LIVE_HOURLY,[LIVE/HYBRID]
2026-09-16T02:00:00+00:00,GATEWAY-MN-TUPUL-01,MN-TUPUL-01,Noney Tupul Railway Corridor,Manipur,Noney,Jiribam-Imphal Railway,24.818,93.635,7.3,0.0,4.2,0.0,0.16,1.126,5,AUTHENTIC_LIVE_HOURLY,[LIVE/HYBRID]
2026-09-16T04:00:00+00:00,GATEWAY-MN-TUPUL-01,MN-TUPUL-01,Noney Tupul Railway Corridor,Manipur,Noney,Jiribam-Imphal Railway,24.818,93.635,7.3,0.1,4.2,0.0,0.16,1.126,2,AUTHENTIC_LIVE_HOURLY,[LIVE/HYBRID]
2026-09-16T05:00:00+00:00,GATEWAY-MN-TUPUL-01,MN-TUPUL-01,Noney Tupul Railway Corridor,Manipur,Noney,Jiribam-Imphal Railway,24.818,93.635,7.3,0.0,4.2,0.0,0.16,1.126,2,AUTHENTIC_LIVE_HOURLY,[LIVE/HYBRID]
2026-09-16T07:00:00+00:00,GATEWAY-MN-TUPUL-01,MN-TUPUL-01,Noney Tupul Railway Corridor,Manipur,Noney,Jiribam-Imphal Railway,24.818,93.635,8.4,0.2,4.2,0.0,0.23,1.126,9,AUTHENTIC_LIVE_HOURLY,[LIVE/HYBRID]
2026-09-16T08:00:00+00:00,GATEWAY-MN-TUPUL-01,MN-TUPUL-01,Noney Tupul Railway Corridor,Manipur,Noney,Jiribam-Imphal Railway,24.818,93.635,8.4,0.1,4.2,0.0,0.23,1.126,17,AUTHENTIC_LIVE_HOURLY,[LIVE/HYBRID]
2026-09-16T09:00:00+00:00,GATEWAY-MN-TUPUL-01,MN-TUPUL-01,Noney Tupul Railway Corridor,Manipur,Noney,Jiribam-Imphal Railway,24.818,93.635,8.4,0.1,4.2,0.0,0.23,1.126,5,AUTHENTIC_LIVE_HOURLY,[LIVE/HYBRID]
2026-09-16T10:00:00+00:00,GATEWAY-MN-TUPUL-01,MN-TUPUL-01,Noney Tupul Railway Corridor,Manipur,Noney,Jiribam-Imphal Railway,24.818,93.635,8.4,0.1,4.2,0.0,0.23,1.126,1,AUTHENTIC_LIVE_HOURLY,[LIVE/HYBRID]
2026-09-16T11:00:00+00:00,GATEWAY-MN-TUPUL-01,MN-TUPUL-01,Noney Tupul Railway Corridor,Manipur,Noney,Jiribam-Imphal Railway,24.818,93.635,8.4,0.1,4.2,0.0,0.23,1.126,4,AUTHENTIC_LIVE_HOURLY,[LIVE/HYBRID]
2026-09-17T05:00:00+00:00,GATEWAY-MN-TUPUL-01,MN-TUPUL-01,Noney Tupul Railway Corridor,Manipur,Noney,Jiribam-Imphal Railway,24.818,93.635,11.8,0.1,4.2,0.0,0.12,1.126,7,AUTHENTIC_LIVE_HOURLY,[LIVE/HYBRID]
2026-09-17T06:00:00+00:00,GATEWAY-MN-TUPUL-01,MN-TUPUL-01,Noney Tupul Railway Corridor,Manipur,Noney,Jiribam-Imphal Railway,24.818,93.635,14.0,0.2,4.2,0.0,0.14,1.126,28,AUTHENTIC_LIVE_HOURLY,[LIVE/HYBRID]
2026-09-17T07:00:00+00:00,GATEWAY-MN-TUPUL-01,MN-TUPUL-01,Noney Tupul Railway Corridor,Manipur,Noney,Jiribam-Imphal Railway,24.818,93.635,14.0,0.2,4.2,0.0,0.14,1.126,30,AUTHENTIC_LIVE_HOURLY,[LIVE/HYBRID]
2026-09-17T08:00:00+00:00,GATEWAY-MN-TUPUL-01,MN-TUPUL-01,Noney Tupul Railway Corridor,Manipur,Noney,Jiribam-Imphal Railway,24.818,93.635,14.0,0.1,4.2,0.0,0.14,1.126,10,AUTHENTIC_LIVE_HOURLY,[LIVE/HYBRID]
2026-09-17T09:00:00+00:00,GATEWAY-MN-TUPUL-01,MN-TUPUL-01,Noney Tupul Railway Corridor,Manipur,Noney,Jiribam-Imphal Railway,24.818,93.635,14.0,0.1,4.2,0.0,0.14,1.126,4,AUTHENTIC_LIVE_HOURLY,[LIVE/HYBRID]
2026-09-17T10:00:00+00:00,GATEWAY-MN-TUPUL-01,MN-TUPUL-01,Noney Tupul Railway Corridor,Manipur,Noney,Jiribam-Imphal Railway,24.818,93.635,14.0,0.1,4.2,0.0,0.14,1.126,1,AUTHENTIC_LIVE_HOURLY,[LIVE/HYBRID]
2026-09-18T06:00:00+00:00,GATEWAY-MN-TUPUL-01,MN-TUPUL-01,Noney Tupul Railway Corridor,Manipur,Noney,Jiribam-Imphal Railway,24.818,93.635,0.0,0.0,3.7,0.0,0.03,0.804,8,AUTHENTIC_LIVE_HOURLY,[LIVE/HYBRID]
2026-09-18T07:00:00+00:00,GATEWAY-MN-TUPUL-01,MN-TUPUL-01,Noney Tupul Railway Corridor,Manipur,Noney,Jiribam-Imphal Railway,24.818,93.635,0.0,0.0,3.7,0.0,0.03,0.804,17,AUTHENTIC_LIVE_HOURLY,[LIVE/HYBRID]
2026-09-18T08:00:00+00:00,GATEWAY-MN-TUPUL-01,MN-TUPUL-01,Noney Tupul Railway Corridor,Manipur,Noney,Jiribam-Imphal Railway,24.818,93.635,0.0,0.0,4.2,0.0,0.03,0.804,4,AUTHENTIC_LIVE_HOURLY,[LIVE/HYBRID]
2026-09-18T11:00:00+00:00,GATEWAY-MN-TUPUL-01,MN-TUPUL-01,Noney Tupul Railway Corridor,Manipur,Noney,Jiribam-Imphal Railway,24.818,93.635,0.0,0.0,4.2,0.0,0.03,0.804,1,AUTHENTIC_LIVE_HOURLY,[LIVE/HYBRID]
2026-09-18T12:00:00+00:00,GATEWAY-MN-TUPUL-01,MN-TUPUL-01,Noney Tupul Railway Corridor,Manipur,Noney,Jiribam-Imphal Railway,24.818,93.635,0.0,0.0,3.7,0.0,0.03,0.804,4,AUTHENTIC_LIVE_HOURLY,[LIVE/HYBRID]
2026-09-18T14:00:00+00:00,GATEWAY-MN-TUPUL-01,MN-TUPUL-01,Noney Tupul Railway Corridor,Manipur,Noney,Jiribam-Imphal Railway,24.818,93.635,0.0,0.0,3.7,0.0,0.03,0.804,18,AUTHENTIC_LIVE_HOURLY,[LIVE/HYBRID]
2026-09-18T15:00:00+00:00,GATEWAY-MN-TUPUL-01,MN-TUPUL-01,Noney Tupul Railway Corridor,Manipur,Noney,Jiribam-Imphal Railway,24.818,93.635,0.0,0.0,3.7,0.0,0.03,0.804,40,AUTHENTIC_LIVE_HOURLY,[LIVE/HYBRID]
2026-09-18T16:00:00+00:00,GATEWAY-MN-TUPUL-01,MN-TUPUL-01,Noney Tupul Railway Corridor,Manipur,Noney,Jiribam-Imphal Railway,24.818,93.635,0.0,0.0,3.7,0.0,0.03,0.804,20,AUTHENTIC_LIVE_HOURLY,[LIVE/HYBRID]
2026-09-18T17:00:00+00:00,GATEWAY-MN-TUPUL-01,MN-TUPUL-01,Noney Tupul Railway Corridor,Manipur,Noney,Jiribam-Imphal Railway,24.818,93.635,0.0,0.0,3.7,0.0,0.03,0.804,9,AUTHENTIC_LIVE_HOURLY,[LIVE/HYBRID]
2026-09-19T17:00:00+00:00,GATEWAY-MN-TUPUL-01,MN-TUPUL-01,Noney Tupul Railway Corridor,Manipur,Noney,Jiribam-Imphal Railway,24.818,93.635,80.2,4.46,5.2,15.65,1.4,0.716,1,AUTHENTIC_LIVE_HOURLY,[LIVE/HYBRID]
2026-09-20T08:00:00+00:00,GATEWAY-MN-TUPUL-01,MN-TUPUL-01,Noney Tupul Railway Corridor,Manipur,Noney,Jiribam-Imphal Railway,24.818,93.635,73.0,4.06,5.2,13.92,1.28,0.725,1,AUTHENTIC_LIVE_HOURLY,[LIVE/HYBRID]
2026-09-13T09:00:00+00:00,GATEWAY-MZ-HUNTHAR-01,MZ-HUNTHAR-01,Aizawl NH-6 Hunthar Veng Slump,Mizoram,Aizawl,NH-06 / Western Arterial,23.742,92.708,4.3,0.3,4.2,0.0,0.15,1.126,7,AUTHENTIC_LIVE_HOURLY,[LIVE/HYBRID]
2026-09-13T10:00:00+00:00,GATEWAY-MZ-HUNTHAR-01,MZ-HUNTHAR-01,Aizawl NH-6 Hunthar Veng Slump,Mizoram,Aizawl,NH-06 / Western Arterial,23.742,92.708,4.3,0.3,4.2,0.0,0.15,1.126,11,AUTHENTIC_LIVE_HOURLY,[LIVE/HYBRID]
2026-09-13T11:00:00+00:00,GATEWAY-MZ-HUNTHAR-01,MZ-HUNTHAR-01,Aizawl NH-6 Hunthar Veng Slump,Mizoram,Aizawl,NH-06 / Western Arterial,23.742,92.708,4.3,0.0,4.2,0.0,0.15,1.126,11,AUTHENTIC_LIVE_HOURLY,[LIVE/HYBRID]
2026-09-13T12:00:00+00:00,GATEWAY-MZ-HUNTHAR-01,MZ-HUNTHAR-01,Aizawl NH-6 Hunthar Veng Slump,Mizoram,Aizawl,NH-06 / Western Arterial,23.742,92.708,5.1,0.0,4.2,0.0,0.13,1.126,10,AUTHENTIC_LIVE_HOURLY,[LIVE/HYBRID]
2026-09-13T18:00:00+00:00,GATEWAY-MZ-HUNTHAR-01,MZ-HUNTHAR-01,Aizawl NH-6 Hunthar Veng Slump,Mizoram,Aizawl,NH-06 / Western Arterial,23.742,92.708,59.8,3.32,5.2,10.75,1.05,1.027,1,AUTHENTIC_LIVE_HOURLY,[LIVE/HYBRID]
2026-09-14T14:00:00+00:00,GATEWAY-MZ-HUNTHAR-01,MZ-HUNTHAR-01,Aizawl NH-6 Hunthar Veng Slump,Mizoram,Aizawl,NH-06 / Western Arterial,23.742,92.708,56.6,3.14,5.2,9.98,0.99,1.034,1,AUTHENTIC_LIVE_HOURLY,[LIVE/HYBRID]
2026-09-16T01:00:00+00:00,GATEWAY-MZ-HUNTHAR-01,MZ-HUNTHAR-01,Aizawl NH-6 Hunthar Veng Slump,Mizoram,Aizawl,NH-06 / Western Arterial,23.742,92.708,47.0,2.61,4.2,7.68,0.82,1.055,12,AUTHENTIC_LIVE_HOURLY,[LIVE/HYBRID]
2026-09-16T02:00:00+00:00,GATEWAY-MZ-HUNTHAR-01,MZ-HUNTHAR-01,Aizawl NH-6 Hunthar Veng Slump,Mizoram,Aizawl,NH-06 / Western Arterial,23.742,92.708,47.0,2.61,4.2,7.68,0.82,1.055,5,AUTHENTIC_LIVE_HOURLY,[LIVE/HYBRID]
2026-09-16T04:00:00+00:00,GATEWAY-MZ-HUNTHAR-01,MZ-HUNTHAR-01,Aizawl NH-6 Hunthar Veng Slump,Mizoram,Aizawl,NH-06 / Western Arterial,23.742,92.708,47.0,2.61,4.2,7.68,0.82,1.055,2,AUTHENTIC_LIVE_HOURLY,[LIVE/HYBRID]
2026-09-16T05:00:00+00:00,GATEWAY-MZ-HUNTHAR-01,MZ-HUNTHAR-01,Aizawl NH-6 Hunthar Veng Slump,Mizoram,Aizawl,NH-06 / Western Arterial,23.742,92.708,18.0,0.7,4.2,0.72,0.26,1.119,2,AUTHENTIC_LIVE_HOURLY,[LIVE/HYBRID]
2026-09-16T07:00:00+00:00,GATEWAY-MZ-HUNTHAR-01,MZ-HUNTHAR-01,Aizawl NH-6 Hunthar Veng Slump,Mizoram,Aizawl,NH-06 / Western Arterial,23.742,92.708,11.3,0.0,4.2,0.0,0.17,1.126,9,AUTHENTIC_LIVE_HOURLY,[LIVE/HYBRID]
2026-09-16T08:00:00+00:00,GATEWAY-MZ-HUNTHAR-01,MZ-HUNTHAR-01,Aizawl NH-6 Hunthar Veng Slump,Mizoram,Aizawl,NH-06 / Western Arterial,23.742,92.708,11.3,0.1,4.2,0.0,0.17,1.126,17,AUTHENTIC_LIVE_HOURLY,[LIVE/HYBRID]
2026-09-16T09:00:00+00:00,GATEWAY-MZ-HUNTHAR-01,MZ-HUNTHAR-01,Aizawl NH-6 Hunthar Veng Slump,Mizoram,Aizawl,NH-06 / Western Arterial,23.742,92.708,11.3,0.1,4.2,0.0,0.17,1.126,6,AUTHENTIC_LIVE_HOURLY,[LIVE/HYBRID]
2026-09-16T10:00:00+00:00,GATEWAY-MZ-HUNTHAR-01,MZ-HUNTHAR-01,Aizawl NH-6 Hunthar Veng Slump,Mizoram,Aizawl,NH-06 / Western Arterial,23.742,92.708,11.3,0.0,4.2,0.0,0.17,1.126,1,AUTHENTIC_LIVE_HOURLY,[LIVE/HYBRID]
2026-09-16T11:00:00+00:00,GATEWAY-MZ-HUNTHAR-01,MZ-HUNTHAR-01,Aizawl NH-6 Hunthar Veng Slump,Mizoram,Aizawl,NH-06 / Western Arterial,23.742,92.708,11.3,0.0,4.2,0.0,0.17,1.126,3,AUTHENTIC_LIVE_HOURLY,[LIVE/HYBRID]
2026-09-17T05:00:00+00:00,GATEWAY-MZ-HUNTHAR-01,MZ-HUNTHAR-01,Aizawl NH-6 Hunthar Veng Slump,Mizoram,Aizawl,NH-06 / Western Arterial,23.742,92.708,6.3,0.1,4.2,0.0,0.12,1.126,7,AUTHENTIC_LIVE_HOURLY,[LIVE/HYBRID]
2026-09-17T06:00:00+00:00,GATEWAY-MZ-HUNTHAR-01,MZ-HUNTHAR-01,Aizawl NH-6 Hunthar Veng Slump,Mizoram,Aizawl,NH-06 / Western Arterial,23.742,92.708,7.1,0.4,4.2,0.0,0.14,1.126,28,AUTHENTIC_LIVE_HOURLY,[LIVE/HYBRID]
2026-09-17T07:00:00+00:00,GATEWAY-MZ-HUNTHAR-01,MZ-HUNTHAR-01,Aizawl NH-6 Hunthar Veng Slump,Mizoram,Aizawl,NH-06 / Western Arterial,23.742,92.708,7.1,0.1,4.2,0.0,0.14,1.126,30,AUTHENTIC_LIVE_HOURLY,[LIVE/HYBRID]
2026-09-17T08:00:00+00:00,GATEWAY-MZ-HUNTHAR-01,MZ-HUNTHAR-01,Aizawl NH-6 Hunthar Veng Slump,Mizoram,Aizawl,NH-06 / Western Arterial,23.742,92.708,7.1,0.4,4.2,0.0,0.14,1.126,10,AUTHENTIC_LIVE_HOURLY,[LIVE/HYBRID]
2026-09-17T09:00:00+00:00,GATEWAY-MZ-HUNTHAR-01,MZ-HUNTHAR-01,Aizawl NH-6 Hunthar Veng Slump,Mizoram,Aizawl,NH-06 / Western Arterial,23.742,92.708,7.1,0.1,4.2,0.0,0.14,1.126,4,AUTHENTIC_LIVE_HOURLY,[LIVE/HYBRID]
2026-09-17T10:00:00+00:00,GATEWAY-MZ-HUNTHAR-01,MZ-HUNTHAR-01,Aizawl NH-6 Hunthar Veng Slump,Mizoram,Aizawl,NH-06 / Western Arterial,23.742,92.708,7.1,0.1,4.2,0.0,0.14,1.126,1,AUTHENTIC_LIVE_HOURLY,[LIVE/HYBRID]
2026-09-18T06:00:00+00:00,GATEWAY-MZ-HUNTHAR-01,MZ-HUNTHAR-01,Aizawl NH-6 Hunthar Veng Slump,Mizoram,Aizawl,NH-06 / Western Arterial,23.742,92.708,3.8,0.0,3.7,0.0,0.29,3.031,8,AUTHENTIC_LIVE_HOURLY,[LIVE/HYBRID]
2026-09-18T07:00:00+00:00,GATEWAY-MZ-HUNTHAR-01,MZ-HUNTHAR-01,Aizawl NH-6 Hunthar Veng Slump,Mizoram,Aizawl,NH-06 / Western Arterial,23.742,92.708,3.8,0.0,3.7,0.0,0.29,3.031,17,AUTHENTIC_LIVE_HOURLY,[LIVE/HYBRID]
2026-09-18T08:00:00+00:00,GATEWAY-MZ-HUNTHAR-01,MZ-HUNTHAR-01,Aizawl NH-6 Hunthar Veng Slump,Mizoram,Aizawl,NH-06 / Western Arterial,23.742,92.708,3.8,0.0,4.2,0.0,0.29,3.031,4,AUTHENTIC_LIVE_HOURLY,[LIVE/HYBRID]
2026-09-18T10:00:00+00:00,GATEWAY-MZ-HUNTHAR-01,MZ-HUNTHAR-01,Aizawl NH-6 Hunthar Veng Slump,Mizoram,Aizawl,NH-06 / Western Arterial,23.742,92.708,3.8,0.0,4.2,0.0,0.29,3.031,1,AUTHENTIC_LIVE_HOURLY,[LIVE/HYBRID]
2026-09-18T12:00:00+00:00,GATEWAY-MZ-HUNTHAR-01,MZ-HUNTHAR-01,Aizawl NH-6 Hunthar Veng Slump,Mizoram,Aizawl,NH-06 / Western Arterial,23.742,92.708,3.8,0.0,3.7,0.0,0.29,3.031,4,AUTHENTIC_LIVE_HOURLY,[LIVE/HYBRID]
2026-09-18T14:00:00+00:00,GATEWAY-MZ-HUNTHAR-01,MZ-HUNTHAR-01,Aizawl NH-6 Hunthar Veng Slump,Mizoram,Aizawl,NH-06 / Western Arterial,23.742,92.708,1.9,0.0,3.7,0.0,0.17,3.031,19,AUTHENTIC_LIVE_HOURLY,[LIVE/HYBRID]
2026-09-18T15:00:00+00:00,GATEWAY-MZ-HUNTHAR-01,MZ-HUNTHAR-01,Aizawl NH-6 Hunthar Veng Slump,Mizoram,Aizawl,NH-06 / Western Arterial,23.742,92.708,1.9,0.0,3.7,0.0,0.17,3.031,39,AUTHENTIC_LIVE_HOURLY,[LIVE/HYBRID]
2026-09-18T16:00:00+00:00,GATEWAY-MZ-HUNTHAR-01,MZ-HUNTHAR-01,Aizawl NH-6 Hunthar Veng Slump,Mizoram,Aizawl,NH-06 / Western Arterial,23.742,92.708,1.9,0.0,3.7,0.0,0.17,3.031,20,AUTHENTIC_LIVE_HOURLY,[LIVE/HYBRID]
2026-09-18T17:00:00+00:00,GATEWAY-MZ-HUNTHAR-01,MZ-HUNTHAR-01,Aizawl NH-6 Hunthar Veng Slump,Mizoram,Aizawl,NH-06 / Western Arterial,23.742,92.708,1.9,0.0,3.7,0.0,0.17,3.031,9,AUTHENTIC_LIVE_HOURLY,[LIVE/HYBRID]
2026-09-19T17:00:00+00:00,GATEWAY-MZ-HUNTHAR-01,MZ-HUNTHAR-01,Aizawl NH-6 Hunthar Veng Slump,Mizoram,Aizawl,NH-06 / Western Arterial,23.742,92.708,59.8,3.32,5.2,10.75,1.05,2.724,1,AUTHENTIC_LIVE_HOURLY,[LIVE/HYBRID]
2026-09-20T08:00:00+00:00,GATEWAY-MZ-HUNTHAR-01,MZ-HUNTHAR-01,Aizawl NH-6 Hunthar Veng Slump,Mizoram,Aizawl,NH-06 / Western Arterial,23.742,92.708,52.6,2.92,5.2,9.02,0.92,2.773,1,AUTHENTIC_LIVE_HOURLY,[LIVE/HYBRID]
2026-09-13T09:00:00+00:00,GATEWAY-MZ-KOLASIB-01,MZ-KOLASIB-01,Kolasib Sinking Carriageway,Mizoram,Kolasib,NH-306 Silchar-Aizawl Link,24.225,92.678,11.0,0.2,4.2,0.0,0.17,1.631,7,AUTHENTIC_LIVE_HOURLY,[LIVE/HYBRID]
2026-09-13T10:00:00+00:00,GATEWAY-MZ-KOLASIB-01,MZ-KOLASIB-01,Kolasib Sinking Carriageway,Mizoram,Kolasib,NH-306 Silchar-Aizawl Link,24.225,92.678,11.0,0.1,4.2,0.0,0.17,1.631,11,AUTHENTIC_LIVE_HOURLY,[LIVE/HYBRID]
2026-09-13T11:00:00+00:00,GATEWAY-MZ-KOLASIB-01,MZ-KOLASIB-01,Kolasib Sinking Carriageway,Mizoram,Kolasib,NH-306 Silchar-Aizawl Link,24.225,92.678,11.0,0.0,4.2,0.0,0.17,1.631,11,AUTHENTIC_LIVE_HOURLY,[LIVE/HYBRID]
2026-09-13T12:00:00+00:00,GATEWAY-MZ-KOLASIB-01,MZ-KOLASIB-01,Kolasib Sinking Carriageway,Mizoram,Kolasib,NH-306 Silchar-Aizawl Link,24.225,92.678,5.0,0.0,4.2,0.0,0.13,1.631,10,AUTHENTIC_LIVE_HOURLY,[LIVE/HYBRID]
2026-09-13T18:00:00+00:00,GATEWAY-MZ-KOLASIB-01,MZ-KOLASIB-01,Kolasib Sinking Carriageway,Mizoram,Kolasib,NH-306 Silchar-Aizawl Link,24.225,92.678,117.4,6.52,5.2,24.58,2.05,1.298,1,AUTHENTIC_LIVE_HOURLY,[LIVE/HYBRID]
2026-09-14T14:00:00+00:00,GATEWAY-MZ-KOLASIB-01,MZ-KOLASIB-01,Kolasib Sinking Carriageway,Mizoram,Kolasib,NH-306 Silchar-Aizawl Link,24.225,92.678,114.2,6.34,5.2,23.81,2.0,1.308,1,AUTHENTIC_LIVE_HOURLY,[LIVE/HYBRID]
2026-09-16T01:00:00+00:00,GATEWAY-MZ-KOLASIB-01,MZ-KOLASIB-01,Kolasib Sinking Carriageway,Mizoram,Kolasib,NH-306 Silchar-Aizawl Link,24.225,92.678,104.6,5.81,4.2,21.5,1.83,1.339,12,AUTHENTIC_LIVE_HOURLY,[LIVE/HYBRID]
2026-09-16T02:00:00+00:00,GATEWAY-MZ-KOLASIB-01,MZ-KOLASIB-01,Kolasib Sinking Carriageway,Mizoram,Kolasib,NH-306 Silchar-Aizawl Link,24.225,92.678,15.3,0.1,4.2,0.07,0.37,1.63,5,AUTHENTIC_LIVE_HOURLY,[LIVE/HYBRID]
2026-09-16T04:00:00+00:00,GATEWAY-MZ-KOLASIB-01,MZ-KOLASIB-01,Kolasib Sinking Carriageway,Mizoram,Kolasib,NH-306 Silchar-Aizawl Link,24.225,92.678,15.3,0.0,4.2,0.07,0.37,1.63,2,AUTHENTIC_LIVE_HOURLY,[LIVE/HYBRID]
2026-09-16T05:00:00+00:00,GATEWAY-MZ-KOLASIB-01,MZ-KOLASIB-01,Kolasib Sinking Carriageway,Mizoram,Kolasib,NH-306 Silchar-Aizawl Link,24.225,92.678,15.3,0.1,4.2,0.07,0.37,1.63,2,AUTHENTIC_LIVE_HOURLY,[LIVE/HYBRID]
2026-09-16T07:00:00+00:00,GATEWAY-MZ-KOLASIB-01,MZ-KOLASIB-01,Kolasib Sinking Carriageway,Mizoram,Kolasib,NH-306 Silchar-Aizawl Link,24.225,92.678,26.5,0.1,4.2,2.76,0.46,1.593,9,AUTHENTIC_LIVE_HOURLY,[LIVE/HYBRID]
2026-09-16T08:00:00+00:00,GATEWAY-MZ-KOLASIB-01,MZ-KOLASIB-01,Kolasib Sinking Carriageway,Mizoram,Kolasib,NH-306 Silchar-Aizawl Link,24.225,92.678,26.5,0.1,4.2,2.76,0.46,1.593,16,AUTHENTIC_LIVE_HOURLY,[LIVE/HYBRID]
2026-09-16T09:00:00+00:00,GATEWAY-MZ-KOLASIB-01,MZ-KOLASIB-01,Kolasib Sinking Carriageway,Mizoram,Kolasib,NH-306 Silchar-Aizawl Link,24.225,92.678,26.5,0.3,4.2,2.76,0.46,1.593,6,AUTHENTIC_LIVE_HOURLY,[LIVE/HYBRID]
2026-09-16T10:00:00+00:00,GATEWAY-MZ-KOLASIB-01,MZ-KOLASIB-01,Kolasib Sinking Carriageway,Mizoram,Kolasib,NH-306 Silchar-Aizawl Link,24.225,92.678,26.5,0.1,4.2,2.76,0.46,1.593,1,AUTHENTIC_LIVE_HOURLY,[LIVE/HYBRID]
2026-09-16T11:00:00+00:00,GATEWAY-MZ-KOLASIB-01,MZ-KOLASIB-01,Kolasib Sinking Carriageway,Mizoram,Kolasib,NH-306 Silchar-Aizawl Link,24.225,92.678,26.5,0.1,4.2,2.76,0.46,1.593,3,AUTHENTIC_LIVE_HOURLY,[LIVE/HYBRID]
2026-09-17T05:00:00+00:00,GATEWAY-MZ-KOLASIB-01,MZ-KOLASIB-01,Kolasib Sinking Carriageway,Mizoram,Kolasib,NH-306 Silchar-Aizawl Link,24.225,92.678,17.1,0.0,4.2,0.5,0.3,1.624,7,AUTHENTIC_LIVE_HOURLY,[LIVE/HYBRID]
2026-09-17T06:00:00+00:00,GATEWAY-MZ-KOLASIB-01,MZ-KOLASIB-01,Kolasib Sinking Carriageway,Mizoram,Kolasib,NH-306 Silchar-Aizawl Link,24.225,92.678,16.6,0.1,4.2,0.38,0.36,1.626,28,AUTHENTIC_LIVE_HOURLY,[LIVE/HYBRID]
2026-09-17T07:00:00+00:00,GATEWAY-MZ-KOLASIB-01,MZ-KOLASIB-01,Kolasib Sinking Carriageway,Mizoram,Kolasib,NH-306 Silchar-Aizawl Link,24.225,92.678,16.6,0.1,4.2,0.38,0.36,1.626,30,AUTHENTIC_LIVE_HOURLY,[LIVE/HYBRID]
2026-09-17T08:00:00+00:00,GATEWAY-MZ-KOLASIB-01,MZ-KOLASIB-01,Kolasib Sinking Carriageway,Mizoram,Kolasib,NH-306 Silchar-Aizawl Link,24.225,92.678,16.6,0.1,4.2,0.38,0.36,1.626,10,AUTHENTIC_LIVE_HOURLY,[LIVE/HYBRID]
2026-09-17T09:00:00+00:00,GATEWAY-MZ-KOLASIB-01,MZ-KOLASIB-01,Kolasib Sinking Carriageway,Mizoram,Kolasib,NH-306 Silchar-Aizawl Link,24.225,92.678,16.6,0.1,4.2,0.38,0.36,1.626,4,AUTHENTIC_LIVE_HOURLY,[LIVE/HYBRID]
2026-09-17T10:00:00+00:00,GATEWAY-MZ-KOLASIB-01,MZ-KOLASIB-01,Kolasib Sinking Carriageway,Mizoram,Kolasib,NH-306 Silchar-Aizawl Link,24.225,92.678,16.6,0.1,4.2,0.38,0.36,1.626,1,AUTHENTIC_LIVE_HOURLY,[LIVE/HYBRID]
2026-09-18T06:00:00+00:00,GATEWAY-MZ-KOLASIB-01,MZ-KOLASIB-01,Kolasib Sinking Carriageway,Mizoram,Kolasib,NH-306 Silchar-Aizawl Link,24.225,92.678,0.8,0.0,3.7,0.0,0.22,3.583,8,AUTHENTIC_LIVE_HOURLY,[LIVE/HYBRID]
2026-09-18T07:00:00+00:00,GATEWAY-MZ-KOLASIB-01,MZ-KOLASIB-01,Kolasib Sinking Carriageway,Mizoram,Kolasib,NH-306 Silchar-Aizawl Link,24.225,92.678,0.8,0.0,3.7,0.0,0.22,3.583,17,AUTHENTIC_LIVE_HOURLY,[LIVE/HYBRID]
2026-09-18T08:00:00+00:00,GATEWAY-MZ-KOLASIB-01,MZ-KOLASIB-01,Kolasib Sinking Carriageway,Mizoram,Kolasib,NH-306 Silchar-Aizawl Link,24.225,92.678,0.8,0.0,4.2,0.0,0.22,3.583,4,AUTHENTIC_LIVE_HOURLY,[LIVE/HYBRID]
2026-09-18T10:00:00+00:00,GATEWAY-MZ-KOLASIB-01,MZ-KOLASIB-01,Kolasib Sinking Carriageway,Mizoram,Kolasib,NH-306 Silchar-Aizawl Link,24.225,92.678,0.8,0.0,4.2,0.0,0.22,3.583,1,AUTHENTIC_LIVE_HOURLY,[LIVE/HYBRID]
2026-09-18T12:00:00+00:00,GATEWAY-MZ-KOLASIB-01,MZ-KOLASIB-01,Kolasib Sinking Carriageway,Mizoram,Kolasib,NH-306 Silchar-Aizawl Link,24.225,92.678,0.8,0.0,3.7,0.0,0.22,3.583,4,AUTHENTIC_LIVE_HOURLY,[LIVE/HYBRID]
2026-09-18T14:00:00+00:00,GATEWAY-MZ-KOLASIB-01,MZ-KOLASIB-01,Kolasib Sinking Carriageway,Mizoram,Kolasib,NH-306 Silchar-Aizawl Link,24.225,92.678,0.8,0.0,3.7,0.0,0.18,3.583,19,AUTHENTIC_LIVE_HOURLY,[LIVE/HYBRID]
2026-09-18T15:00:00+00:00,GATEWAY-MZ-KOLASIB-01,MZ-KOLASIB-01,Kolasib Sinking Carriageway,Mizoram,Kolasib,NH-306 Silchar-Aizawl Link,24.225,92.678,0.8,0.0,3.7,0.0,0.18,3.583,39,AUTHENTIC_LIVE_HOURLY,[LIVE/HYBRID]
2026-09-18T16:00:00+00:00,GATEWAY-MZ-KOLASIB-01,MZ-KOLASIB-01,Kolasib Sinking Carriageway,Mizoram,Kolasib,NH-306 Silchar-Aizawl Link,24.225,92.678,0.8,0.0,3.7,0.0,0.18,3.583,20,AUTHENTIC_LIVE_HOURLY,[LIVE/HYBRID]
2026-09-18T17:00:00+00:00,GATEWAY-MZ-KOLASIB-01,MZ-KOLASIB-01,Kolasib Sinking Carriageway,Mizoram,Kolasib,NH-306 Silchar-Aizawl Link,24.225,92.678,0.8,0.0,3.7,0.0,0.18,3.583,9,AUTHENTIC_LIVE_HOURLY,[LIVE/HYBRID]
2026-09-19T17:00:00+00:00,GATEWAY-MZ-KOLASIB-01,MZ-KOLASIB-01,Kolasib Sinking Carriageway,Mizoram,Kolasib,NH-306 Silchar-Aizawl Link,24.225,92.678,117.4,6.52,5.2,24.58,2.05,2.757,1,AUTHENTIC_LIVE_HOURLY,[LIVE/HYBRID]
2026-09-20T08:00:00+00:00,GATEWAY-MZ-KOLASIB-01,MZ-KOLASIB-01,Kolasib Sinking Carriageway,Mizoram,Kolasib,NH-306 Silchar-Aizawl Link,24.225,92.678,110.2,6.12,5.2,22.85,1.93,2.816,1,AUTHENTIC_LIVE_HOURLY,[LIVE/HYBRID]
2026-09-13T09:00:00+00:00,GATEWAY-MZ-SAIRANG-01,MZ-SAIRANG-01,Sairang Railway Terminal Ridge,Mizoram,Aizawl,Bairabi-Sairang Rail Spur,23.805,92.659,4.4,0.2,4.2,0.0,0.14,1.631,7,AUTHENTIC_LIVE_HOURLY,[LIVE/HYBRID]
2026-09-13T10:00:00+00:00,GATEWAY-MZ-SAIRANG-01,MZ-SAIRANG-01,Sairang Railway Terminal Ridge,Mizoram,Aizawl,Bairabi-Sairang Rail Spur,23.805,92.659,4.4,0.3,4.2,0.0,0.14,1.631,11,AUTHENTIC_LIVE_HOURLY,[LIVE/HYBRID]
2026-09-13T11:00:00+00:00,GATEWAY-MZ-SAIRANG-01,MZ-SAIRANG-01,Sairang Railway Terminal Ridge,Mizoram,Aizawl,Bairabi-Sairang Rail Spur,23.805,92.659,4.4,0.1,4.2,0.0,0.14,1.631,11,AUTHENTIC_LIVE_HOURLY,[LIVE/HYBRID]
2026-09-13T12:00:00+00:00,GATEWAY-MZ-SAIRANG-01,MZ-SAIRANG-01,Sairang Railway Terminal Ridge,Mizoram,Aizawl,Bairabi-Sairang Rail Spur,23.805,92.659,3.5,0.0,4.2,0.0,0.11,1.631,10,AUTHENTIC_LIVE_HOURLY,[LIVE/HYBRID]
2026-09-13T18:00:00+00:00,GATEWAY-MZ-SAIRANG-01,MZ-SAIRANG-01,Sairang Railway Terminal Ridge,Mizoram,Aizawl,Bairabi-Sairang Rail Spur,23.805,92.659,67.0,3.72,5.2,12.48,1.17,1.462,1,AUTHENTIC_LIVE_HOURLY,[LIVE/HYBRID]
2026-09-14T14:00:00+00:00,GATEWAY-MZ-SAIRANG-01,MZ-SAIRANG-01,Sairang Railway Terminal Ridge,Mizoram,Aizawl,Bairabi-Sairang Rail Spur,23.805,92.659,63.8,3.54,5.2,11.71,1.12,1.472,1,AUTHENTIC_LIVE_HOURLY,[LIVE/HYBRID]
2026-09-16T01:00:00+00:00,GATEWAY-MZ-SAIRANG-01,MZ-SAIRANG-01,Sairang Railway Terminal Ridge,Mizoram,Aizawl,Bairabi-Sairang Rail Spur,23.805,92.659,54.2,3.01,4.2,9.41,0.95,1.503,12,AUTHENTIC_LIVE_HOURLY,[LIVE/HYBRID]
2026-09-16T02:00:00+00:00,GATEWAY-MZ-SAIRANG-01,MZ-SAIRANG-01,Sairang Railway Terminal Ridge,Mizoram,Aizawl,Bairabi-Sairang Rail Spur,23.805,92.659,54.2,3.01,4.2,9.41,0.95,1.503,5,AUTHENTIC_LIVE_HOURLY,[LIVE/HYBRID]
2026-09-16T04:00:00+00:00,GATEWAY-MZ-SAIRANG-01,MZ-SAIRANG-01,Sairang Railway Terminal Ridge,Mizoram,Aizawl,Bairabi-Sairang Rail Spur,23.805,92.659,54.2,3.01,4.2,9.41,0.95,1.503,2,AUTHENTIC_LIVE_HOURLY,[LIVE/HYBRID]
2026-09-16T05:00:00+00:00,GATEWAY-MZ-SAIRANG-01,MZ-SAIRANG-01,Sairang Railway Terminal Ridge,Mizoram,Aizawl,Bairabi-Sairang Rail Spur,23.805,92.659,22.2,0.9,4.2,1.73,0.3,1.607,2,AUTHENTIC_LIVE_HOURLY,[LIVE/HYBRID]
2026-09-16T07:00:00+00:00,GATEWAY-MZ-SAIRANG-01,MZ-SAIRANG-01,Sairang Railway Terminal Ridge,Mizoram,Aizawl,Bairabi-Sairang Rail Spur,23.805,92.659,13.6,0.0,4.2,0.0,0.2,1.631,9,AUTHENTIC_LIVE_HOURLY,[LIVE/HYBRID]
2026-09-16T08:00:00+00:00,GATEWAY-MZ-SAIRANG-01,MZ-SAIRANG-01,Sairang Railway Terminal Ridge,Mizoram,Aizawl,Bairabi-Sairang Rail Spur,23.805,92.659,13.6,0.1,4.2,0.0,0.2,1.631,17,AUTHENTIC_LIVE_HOURLY,[LIVE/HYBRID]
2026-09-16T09:00:00+00:00,GATEWAY-MZ-SAIRANG-01,MZ-SAIRANG-01,Sairang Railway Terminal Ridge,Mizoram,Aizawl,Bairabi-Sairang Rail Spur,23.805,92.659,13.6,0.0,4.2,0.0,0.2,1.631,6,AUTHENTIC_LIVE_HOURLY,[LIVE/HYBRID]
2026-09-16T10:00:00+00:00,GATEWAY-MZ-SAIRANG-01,MZ-SAIRANG-01,Sairang Railway Terminal Ridge,Mizoram,Aizawl,Bairabi-Sairang Rail Spur,23.805,92.659,13.6,0.0,4.2,0.0,0.2,1.631,1,AUTHENTIC_LIVE_HOURLY,[LIVE/HYBRID]
2026-09-16T11:00:00+00:00,GATEWAY-MZ-SAIRANG-01,MZ-SAIRANG-01,Sairang Railway Terminal Ridge,Mizoram,Aizawl,Bairabi-Sairang Rail Spur,23.805,92.659,13.6,0.0,4.2,0.0,0.2,1.631,3,AUTHENTIC_LIVE_HOURLY,[LIVE/HYBRID]
2026-09-17T05:00:00+00:00,GATEWAY-MZ-SAIRANG-01,MZ-SAIRANG-01,Sairang Railway Terminal Ridge,Mizoram,Aizawl,Bairabi-Sairang Rail Spur,23.805,92.659,5.4,0.1,4.2,0.0,0.12,1.631,7,AUTHENTIC_LIVE_HOURLY,[LIVE/HYBRID]
2026-09-17T06:00:00+00:00,GATEWAY-MZ-SAIRANG-01,MZ-SAIRANG-01,Sairang Railway Terminal Ridge,Mizoram,Aizawl,Bairabi-Sairang Rail Spur,23.805,92.659,3.7,0.3,4.2,0.0,0.13,1.631,28,AUTHENTIC_LIVE_HOURLY,[LIVE/HYBRID]
2026-09-17T07:00:00+00:00,GATEWAY-MZ-SAIRANG-01,MZ-SAIRANG-01,Sairang Railway Terminal Ridge,Mizoram,Aizawl,Bairabi-Sairang Rail Spur,23.805,92.659,3.7,0.1,4.2,0.0,0.13,1.631,30,AUTHENTIC_LIVE_HOURLY,[LIVE/HYBRID]
2026-09-17T08:00:00+00:00,GATEWAY-MZ-SAIRANG-01,MZ-SAIRANG-01,Sairang Railway Terminal Ridge,Mizoram,Aizawl,Bairabi-Sairang Rail Spur,23.805,92.659,3.7,0.2,4.2,0.0,0.13,1.631,10,AUTHENTIC_LIVE_HOURLY,[LIVE/HYBRID]
2026-09-17T09:00:00+00:00,GATEWAY-MZ-SAIRANG-01,MZ-SAIRANG-01,Sairang Railway Terminal Ridge,Mizoram,Aizawl,Bairabi-Sairang Rail Spur,23.805,92.659,3.7,0.0,4.2,0.0,0.13,1.631,4,AUTHENTIC_LIVE_HOURLY,[LIVE/HYBRID]
2026-09-17T10:00:00+00:00,GATEWAY-MZ-SAIRANG-01,MZ-SAIRANG-01,Sairang Railway Terminal Ridge,Mizoram,Aizawl,Bairabi-Sairang Rail Spur,23.805,92.659,3.7,0.0,4.2,0.0,0.13,1.631,1,AUTHENTIC_LIVE_HOURLY,[LIVE/HYBRID]
2026-09-18T06:00:00+00:00,GATEWAY-MZ-SAIRANG-01,MZ-SAIRANG-01,Sairang Railway Terminal Ridge,Mizoram,Aizawl,Bairabi-Sairang Rail Spur,23.805,92.659,4.3,0.0,3.7,0.0,0.28,4.116,8,AUTHENTIC_LIVE_HOURLY,[LIVE/HYBRID]
2026-09-18T07:00:00+00:00,GATEWAY-MZ-SAIRANG-01,MZ-SAIRANG-01,Sairang Railway Terminal Ridge,Mizoram,Aizawl,Bairabi-Sairang Rail Spur,23.805,92.659,4.3,0.0,3.7,0.0,0.28,4.116,17,AUTHENTIC_LIVE_HOURLY,[LIVE/HYBRID]
2026-09-18T08:00:00+00:00,GATEWAY-MZ-SAIRANG-01,MZ-SAIRANG-01,Sairang Railway Terminal Ridge,Mizoram,Aizawl,Bairabi-Sairang Rail Spur,23.805,92.659,4.3,0.0,4.2,0.0,0.28,4.116,4,AUTHENTIC_LIVE_HOURLY,[LIVE/HYBRID]
2026-09-18T10:00:00+00:00,GATEWAY-MZ-SAIRANG-01,MZ-SAIRANG-01,Sairang Railway Terminal Ridge,Mizoram,Aizawl,Bairabi-Sairang Rail Spur,23.805,92.659,4.3,0.0,4.2,0.0,0.28,4.116,1,AUTHENTIC_LIVE_HOURLY,[LIVE/HYBRID]
2026-09-18T12:00:00+00:00,GATEWAY-MZ-SAIRANG-01,MZ-SAIRANG-01,Sairang Railway Terminal Ridge,Mizoram,Aizawl,Bairabi-Sairang Rail Spur,23.805,92.659,4.3,0.0,3.7,0.0,0.28,4.116,4,AUTHENTIC_LIVE_HOURLY,[LIVE/HYBRID]
2026-09-18T14:00:00+00:00,GATEWAY-MZ-SAIRANG-01,MZ-SAIRANG-01,Sairang Railway Terminal Ridge,Mizoram,Aizawl,Bairabi-Sairang Rail Spur,23.805,92.659,1.5,0.0,3.7,0.0,0.14,4.116,19,AUTHENTIC_LIVE_HOURLY,[LIVE/HYBRID]
2026-09-18T15:00:00+00:00,GATEWAY-MZ-SAIRANG-01,MZ-SAIRANG-01,Sairang Railway Terminal Ridge,Mizoram,Aizawl,Bairabi-Sairang Rail Spur,23.805,92.659,1.5,0.0,3.7,0.0,0.14,4.116,39,AUTHENTIC_LIVE_HOURLY,[LIVE/HYBRID]
2026-09-18T16:00:00+00:00,GATEWAY-MZ-SAIRANG-01,MZ-SAIRANG-01,Sairang Railway Terminal Ridge,Mizoram,Aizawl,Bairabi-Sairang Rail Spur,23.805,92.659,1.5,0.0,3.7,0.0,0.14,4.116,20,AUTHENTIC_LIVE_HOURLY,[LIVE/HYBRID]
2026-09-18T17:00:00+00:00,GATEWAY-MZ-SAIRANG-01,MZ-SAIRANG-01,Sairang Railway Terminal Ridge,Mizoram,Aizawl,Bairabi-Sairang Rail Spur,23.805,92.659,1.5,0.0,3.7,0.0,0.14,4.116,9,AUTHENTIC_LIVE_HOURLY,[LIVE/HYBRID]
2026-09-19T17:00:00+00:00,GATEWAY-MZ-SAIRANG-01,MZ-SAIRANG-01,Sairang Railway Terminal Ridge,Mizoram,Aizawl,Bairabi-Sairang Rail Spur,23.805,92.659,67.0,3.72,5.2,12.48,1.17,3.624,1,AUTHENTIC_LIVE_HOURLY,[LIVE/HYBRID]
2026-09-20T08:00:00+00:00,GATEWAY-MZ-SAIRANG-01,MZ-SAIRANG-01,Sairang Railway Terminal Ridge,Mizoram,Aizawl,Bairabi-Sairang Rail Spur,23.805,92.659,59.8,3.32,5.2,10.75,1.05,3.692,1,AUTHENTIC_LIVE_HOURLY,[LIVE/HYBRID]
2026-09-13T09:00:00+00:00,GATEWAY-NL-DZUDZA-01,NL-DZUDZA-01,Dzüdza River Bridge Bluffs,Nagaland,Kohima,NH-29 Km 15,25.67,94.02,21.7,0.4,4.2,1.61,0.37,1.609,7,AUTHENTIC_LIVE_HOURLY,[LIVE/HYBRID]
2026-09-13T10:00:00+00:00,GATEWAY-NL-DZUDZA-01,NL-DZUDZA-01,Dzüdza River Bridge Bluffs,Nagaland,Kohima,NH-29 Km 15,25.67,94.02,21.7,0.1,4.2,1.61,0.37,1.609,11,AUTHENTIC_LIVE_HOURLY,[LIVE/HYBRID]
2026-09-13T11:00:00+00:00,GATEWAY-NL-DZUDZA-01,NL-DZUDZA-01,Dzüdza River Bridge Bluffs,Nagaland,Kohima,NH-29 Km 15,25.67,94.02,21.7,0.0,4.2,1.61,0.37,1.609,11,AUTHENTIC_LIVE_HOURLY,[LIVE/HYBRID]
2026-09-13T12:00:00+00:00,GATEWAY-NL-DZUDZA-01,NL-DZUDZA-01,Dzüdza River Bridge Bluffs,Nagaland,Kohima,NH-29 Km 15,25.67,94.02,20.8,0.0,4.2,1.39,0.43,1.612,10,AUTHENTIC_LIVE_HOURLY,[LIVE/HYBRID]
2026-09-13T18:00:00+00:00,GATEWAY-NL-DZUDZA-01,NL-DZUDZA-01,Dzüdza River Bridge Bluffs,Nagaland,Kohima,NH-29 Km 15,25.67,94.02,67.8,3.77,5.2,12.67,1.19,1.459,1,AUTHENTIC_LIVE_HOURLY,[LIVE/HYBRID]
2026-09-14T14:00:00+00:00,GATEWAY-NL-DZUDZA-01,NL-DZUDZA-01,Dzüdza River Bridge Bluffs,Nagaland,Kohima,NH-29 Km 15,25.67,94.02,63.8,3.54,5.2,11.71,1.12,1.472,1,AUTHENTIC_LIVE_HOURLY,[LIVE/HYBRID]
2026-09-16T01:00:00+00:00,GATEWAY-NL-DZUDZA-01,NL-DZUDZA-01,Dzüdza River Bridge Bluffs,Nagaland,Kohima,NH-29 Km 15,25.67,94.02,12.2,0.0,4.2,0.0,0.36,1.631,12,AUTHENTIC_LIVE_HOURLY,[LIVE/HYBRID]
2026-09-16T02:00:00+00:00,GATEWAY-NL-DZUDZA-01,NL-DZUDZA-01,Dzüdza River Bridge Bluffs,Nagaland,Kohima,NH-29 Km 15,25.67,94.02,12.2,0.0,4.2,0.0,0.36,1.631,5,AUTHENTIC_LIVE_HOURLY,[LIVE/HYBRID]
2026-09-16T04:00:00+00:00,GATEWAY-NL-DZUDZA-01,NL-DZUDZA-01,Dzüdza River Bridge Bluffs,Nagaland,Kohima,NH-29 Km 15,25.67,94.02,12.2,0.3,4.2,0.0,0.36,1.631,2,AUTHENTIC_LIVE_HOURLY,[LIVE/HYBRID]
2026-09-16T05:00:00+00:00,GATEWAY-NL-DZUDZA-01,NL-DZUDZA-01,Dzüdza River Bridge Bluffs,Nagaland,Kohima,NH-29 Km 15,25.67,94.02,12.2,0.4,4.2,0.0,0.36,1.631,2,AUTHENTIC_LIVE_HOURLY,[LIVE/HYBRID]
2026-09-16T07:00:00+00:00,GATEWAY-NL-DZUDZA-01,NL-DZUDZA-01,Dzüdza River Bridge Bluffs,Nagaland,Kohima,NH-29 Km 15,25.67,94.02,11.9,0.3,4.2,0.0,0.31,1.631,9,AUTHENTIC_LIVE_HOURLY,[LIVE/HYBRID]
2026-09-16T08:00:00+00:00,GATEWAY-NL-DZUDZA-01,NL-DZUDZA-01,Dzüdza River Bridge Bluffs,Nagaland,Kohima,NH-29 Km 15,25.67,94.02,11.9,0.1,4.2,0.0,0.31,1.631,17,AUTHENTIC_LIVE_HOURLY,[LIVE/HYBRID]
2026-09-16T09:00:00+00:00,GATEWAY-NL-DZUDZA-01,NL-DZUDZA-01,Dzüdza River Bridge Bluffs,Nagaland,Kohima,NH-29 Km 15,25.67,94.02,11.9,0.0,4.2,0.0,0.31,1.631,6,AUTHENTIC_LIVE_HOURLY,[LIVE/HYBRID]
2026-09-16T10:00:00+00:00,GATEWAY-NL-DZUDZA-01,NL-DZUDZA-01,Dzüdza River Bridge Bluffs,Nagaland,Kohima,NH-29 Km 15,25.67,94.02,11.9,0.6,4.2,0.0,0.31,1.631,1,AUTHENTIC_LIVE_HOURLY,[LIVE/HYBRID]
2026-09-16T11:00:00+00:00,GATEWAY-NL-DZUDZA-01,NL-DZUDZA-01,Dzüdza River Bridge Bluffs,Nagaland,Kohima,NH-29 Km 15,25.67,94.02,11.9,0.6,4.2,0.0,0.31,1.631,3,AUTHENTIC_LIVE_HOURLY,[LIVE/HYBRID]
2026-09-17T05:00:00+00:00,GATEWAY-NL-DZUDZA-01,NL-DZUDZA-01,Dzüdza River Bridge Bluffs,Nagaland,Kohima,NH-29 Km 15,25.67,94.02,24.7,1.3,4.2,2.33,0.35,1.599,7,AUTHENTIC_LIVE_HOURLY,[LIVE/HYBRID]
2026-09-17T06:00:00+00:00,GATEWAY-NL-DZUDZA-01,NL-DZUDZA-01,Dzüdza River Bridge Bluffs,Nagaland,Kohima,NH-29 Km 15,25.67,94.02,16.6,0.4,4.2,0.38,0.38,1.626,28,AUTHENTIC_LIVE_HOURLY,[LIVE/HYBRID]
2026-09-17T07:00:00+00:00,GATEWAY-NL-DZUDZA-01,NL-DZUDZA-01,Dzüdza River Bridge Bluffs,Nagaland,Kohima,NH-29 Km 15,25.67,94.02,16.6,0.4,4.2,0.38,0.38,1.626,30,AUTHENTIC_LIVE_HOURLY,[LIVE/HYBRID]
2026-09-17T08:00:00+00:00,GATEWAY-NL-DZUDZA-01,NL-DZUDZA-01,Dzüdza River Bridge Bluffs,Nagaland,Kohima,NH-29 Km 15,25.67,94.02,16.6,0.3,4.2,0.38,0.38,1.626,10,AUTHENTIC_LIVE_HOURLY,[LIVE/HYBRID]
2026-09-17T09:00:00+00:00,GATEWAY-NL-DZUDZA-01,NL-DZUDZA-01,Dzüdza River Bridge Bluffs,Nagaland,Kohima,NH-29 Km 15,25.67,94.02,16.6,0.3,4.2,0.38,0.38,1.626,4,AUTHENTIC_LIVE_HOURLY,[LIVE/HYBRID]
2026-09-17T10:00:00+00:00,GATEWAY-NL-DZUDZA-01,NL-DZUDZA-01,Dzüdza River Bridge Bluffs,Nagaland,Kohima,NH-29 Km 15,25.67,94.02,16.6,0.3,4.2,0.38,0.38,1.626,1,AUTHENTIC_LIVE_HOURLY,[LIVE/HYBRID]
2026-09-18T06:00:00+00:00,GATEWAY-NL-DZUDZA-01,NL-DZUDZA-01,Dzüdza River Bridge Bluffs,Nagaland,Kohima,NH-29 Km 15,25.67,94.02,4.8,0.1,3.7,0.0,0.17,2.337,8,AUTHENTIC_LIVE_HOURLY,[LIVE/HYBRID]
2026-09-18T07:00:00+00:00,GATEWAY-NL-DZUDZA-01,NL-DZUDZA-01,Dzüdza River Bridge Bluffs,Nagaland,Kohima,NH-29 Km 15,25.67,94.02,4.8,0.1,3.7,0.0,0.17,2.337,17,AUTHENTIC_LIVE_HOURLY,[LIVE/HYBRID]
2026-09-18T08:00:00+00:00,GATEWAY-NL-DZUDZA-01,NL-DZUDZA-01,Dzüdza River Bridge Bluffs,Nagaland,Kohima,NH-29 Km 15,25.67,94.02,4.8,0.2,4.2,0.0,0.17,2.337,4,AUTHENTIC_LIVE_HOURLY,[LIVE/HYBRID]
2026-09-18T11:00:00+00:00,GATEWAY-NL-DZUDZA-01,NL-DZUDZA-01,Dzüdza River Bridge Bluffs,Nagaland,Kohima,NH-29 Km 15,25.67,94.02,4.8,0.1,4.2,0.0,0.17,2.337,1,AUTHENTIC_LIVE_HOURLY,[LIVE/HYBRID]
2026-09-18T12:00:00+00:00,GATEWAY-NL-DZUDZA-01,NL-DZUDZA-01,Dzüdza River Bridge Bluffs,Nagaland,Kohima,NH-29 Km 15,25.67,94.02,4.8,0.0,3.7,0.0,0.17,2.337,4,AUTHENTIC_LIVE_HOURLY,[LIVE/HYBRID]
2026-09-18T14:00:00+00:00,GATEWAY-NL-DZUDZA-01,NL-DZUDZA-01,Dzüdza River Bridge Bluffs,Nagaland,Kohima,NH-29 Km 15,25.67,94.02,4.8,0.0,3.7,0.0,0.28,2.337,19,AUTHENTIC_LIVE_HOURLY,[LIVE/HYBRID]
2026-09-18T15:00:00+00:00,GATEWAY-NL-DZUDZA-01,NL-DZUDZA-01,Dzüdza River Bridge Bluffs,Nagaland,Kohima,NH-29 Km 15,25.67,94.02,4.8,0.0,3.7,0.0,0.28,2.337,39,AUTHENTIC_LIVE_HOURLY,[LIVE/HYBRID]
2026-09-18T16:00:00+00:00,GATEWAY-NL-DZUDZA-01,NL-DZUDZA-01,Dzüdza River Bridge Bluffs,Nagaland,Kohima,NH-29 Km 15,25.67,94.02,4.8,0.0,3.7,0.0,0.28,2.337,20,AUTHENTIC_LIVE_HOURLY,[LIVE/HYBRID]
2026-09-18T17:00:00+00:00,GATEWAY-NL-DZUDZA-01,NL-DZUDZA-01,Dzüdza River Bridge Bluffs,Nagaland,Kohima,NH-29 Km 15,25.67,94.02,4.8,0.0,3.7,0.0,0.28,2.337,9,AUTHENTIC_LIVE_HOURLY,[LIVE/HYBRID]
2026-09-19T17:00:00+00:00,GATEWAY-NL-DZUDZA-01,NL-DZUDZA-01,Dzüdza River Bridge Bluffs,Nagaland,Kohima,NH-29 Km 15,25.67,94.02,67.0,3.72,5.2,12.48,1.17,2.11,1,AUTHENTIC_LIVE_HOURLY,[LIVE/HYBRID]
2026-09-20T08:00:00+00:00,GATEWAY-NL-DZUDZA-01,NL-DZUDZA-01,Dzüdza River Bridge Bluffs,Nagaland,Kohima,NH-29 Km 15,25.67,94.02,59.8,3.32,5.2,10.75,1.05,2.142,1,AUTHENTIC_LIVE_HOURLY,[LIVE/HYBRID]
2026-09-13T09:00:00+00:00,GATEWAY-NL-PAGALA-01,NL-PAGALA-01,Kohima NH-29 Pagala Pahar,Nagaland,Kohima,NH-29 Dimapur-Kohima Lifeline,25.688,93.985,16.3,0.3,4.2,0.31,0.19,0.822,7,AUTHENTIC_LIVE_HOURLY,[LIVE/HYBRID]
2026-09-13T10:00:00+00:00,GATEWAY-NL-PAGALA-01,NL-PAGALA-01,Kohima NH-29 Pagala Pahar,Nagaland,Kohima,NH-29 Dimapur-Kohima Lifeline,25.688,93.985,16.3,0.1,4.2,0.31,0.19,0.822,11,AUTHENTIC_LIVE_HOURLY,[LIVE/HYBRID]
2026-09-13T11:00:00+00:00,GATEWAY-NL-PAGALA-01,NL-PAGALA-01,Kohima NH-29 Pagala Pahar,Nagaland,Kohima,NH-29 Dimapur-Kohima Lifeline,25.688,93.985,16.3,0.1,4.2,0.31,0.19,0.822,11,AUTHENTIC_LIVE_HOURLY,[LIVE/HYBRID]
2026-09-13T12:00:00+00:00,GATEWAY-NL-PAGALA-01,NL-PAGALA-01,Kohima NH-29 Pagala Pahar,Nagaland,Kohima,NH-29 Dimapur-Kohima Lifeline,25.688,93.985,12.8,0.0,4.2,0.0,0.19,0.824,10,AUTHENTIC_LIVE_HOURLY,[LIVE/HYBRID]
2026-09-13T18:00:00+00:00,GATEWAY-NL-PAGALA-01,NL-PAGALA-01,Kohima NH-29 Pagala Pahar,Nagaland,Kohima,NH-29 Dimapur-Kohima Lifeline,25.688,93.985,68.2,3.79,5.2,12.77,1.19,0.749,1,AUTHENTIC_LIVE_HOURLY,[LIVE/HYBRID]
2026-09-14T14:00:00+00:00,GATEWAY-NL-PAGALA-01,NL-PAGALA-01,Kohima NH-29 Pagala Pahar,Nagaland,Kohima,NH-29 Dimapur-Kohima Lifeline,25.688,93.985,65.0,3.61,5.2,12.0,1.14,0.753,1,AUTHENTIC_LIVE_HOURLY,[LIVE/HYBRID]
2026-09-16T01:00:00+00:00,GATEWAY-NL-PAGALA-01,NL-PAGALA-01,Kohima NH-29 Pagala Pahar,Nagaland,Kohima,NH-29 Dimapur-Kohima Lifeline,25.688,93.985,55.4,3.08,4.2,9.7,0.97,0.767,12,AUTHENTIC_LIVE_HOURLY,[LIVE/HYBRID]
2026-09-16T02:00:00+00:00,GATEWAY-NL-PAGALA-01,NL-PAGALA-01,Kohima NH-29 Pagala Pahar,Nagaland,Kohima,NH-29 Dimapur-Kohima Lifeline,25.688,93.985,55.4,3.08,4.2,9.7,0.97,0.767,5,AUTHENTIC_LIVE_HOURLY,[LIVE/HYBRID]
2026-09-16T04:00:00+00:00,GATEWAY-NL-PAGALA-01,NL-PAGALA-01,Kohima NH-29 Pagala Pahar,Nagaland,Kohima,NH-29 Dimapur-Kohima Lifeline,25.688,93.985,4.7,0.1,4.2,0.0,0.13,0.824,2,AUTHENTIC_LIVE_HOURLY,[LIVE/HYBRID]
2026-09-16T05:00:00+00:00,GATEWAY-NL-PAGALA-01,NL-PAGALA-01,Kohima NH-29 Pagala Pahar,Nagaland,Kohima,NH-29 Dimapur-Kohima Lifeline,25.688,93.985,4.7,0.4,4.2,0.0,0.13,0.824,2,AUTHENTIC_LIVE_HOURLY,[LIVE/HYBRID]
2026-09-16T07:00:00+00:00,GATEWAY-NL-PAGALA-01,NL-PAGALA-01,Kohima NH-29 Pagala Pahar,Nagaland,Kohima,NH-29 Dimapur-Kohima Lifeline,25.688,93.985,3.3,0.1,4.2,0.0,0.26,0.824,9,AUTHENTIC_LIVE_HOURLY,[LIVE/HYBRID]
2026-09-16T08:00:00+00:00,GATEWAY-NL-PAGALA-01,NL-PAGALA-01,Kohima NH-29 Pagala Pahar,Nagaland,Kohima,NH-29 Dimapur-Kohima Lifeline,25.688,93.985,3.3,0.1,4.2,0.0,0.26,0.824,17,AUTHENTIC_LIVE_HOURLY,[LIVE/HYBRID]
2026-09-16T09:00:00+00:00,GATEWAY-NL-PAGALA-01,NL-PAGALA-01,Kohima NH-29 Pagala Pahar,Nagaland,Kohima,NH-29 Dimapur-Kohima Lifeline,25.688,93.985,3.3,0.1,4.2,0.0,0.26,0.824,6,AUTHENTIC_LIVE_HOURLY,[LIVE/HYBRID]
2026-09-16T10:00:00+00:00,GATEWAY-NL-PAGALA-01,NL-PAGALA-01,Kohima NH-29 Pagala Pahar,Nagaland,Kohima,NH-29 Dimapur-Kohima Lifeline,25.688,93.985,3.3,0.1,4.2,0.0,0.26,0.824,1,AUTHENTIC_LIVE_HOURLY,[LIVE/HYBRID]
2026-09-16T11:00:00+00:00,GATEWAY-NL-PAGALA-01,NL-PAGALA-01,Kohima NH-29 Pagala Pahar,Nagaland,Kohima,NH-29 Dimapur-Kohima Lifeline,25.688,93.985,3.3,0.1,4.2,0.0,0.26,0.824,3,AUTHENTIC_LIVE_HOURLY,[LIVE/HYBRID]
2026-09-17T05:00:00+00:00,GATEWAY-NL-PAGALA-01,NL-PAGALA-01,Kohima NH-29 Pagala Pahar,Nagaland,Kohima,NH-29 Dimapur-Kohima Lifeline,25.688,93.985,13.9,0.6,4.2,0.0,0.22,0.824,7,AUTHENTIC_LIVE_HOURLY,[LIVE/HYBRID]
2026-09-17T06:00:00+00:00,GATEWAY-NL-PAGALA-01,NL-PAGALA-01,Kohima NH-29 Pagala Pahar,Nagaland,Kohima,NH-29 Dimapur-Kohima Lifeline,25.688,93.985,5.5,0.1,4.2,0.0,0.15,0.824,28,AUTHENTIC_LIVE_HOURLY,[LIVE/HYBRID]
2026-09-17T07:00:00+00:00,GATEWAY-NL-PAGALA-01,NL-PAGALA-01,Kohima NH-29 Pagala Pahar,Nagaland,Kohima,NH-29 Dimapur-Kohima Lifeline,25.688,93.985,5.5,0.1,4.2,0.0,0.15,0.824,30,AUTHENTIC_LIVE_HOURLY,[LIVE/HYBRID]
2026-09-17T08:00:00+00:00,GATEWAY-NL-PAGALA-01,NL-PAGALA-01,Kohima NH-29 Pagala Pahar,Nagaland,Kohima,NH-29 Dimapur-Kohima Lifeline,25.688,93.985,5.5,0.2,4.2,0.0,0.15,0.824,10,AUTHENTIC_LIVE_HOURLY,[LIVE/HYBRID]
2026-09-17T09:00:00+00:00,GATEWAY-NL-PAGALA-01,NL-PAGALA-01,Kohima NH-29 Pagala Pahar,Nagaland,Kohima,NH-29 Dimapur-Kohima Lifeline,25.688,93.985,5.5,0.2,4.2,0.0,0.15,0.824,4,AUTHENTIC_LIVE_HOURLY,[LIVE/HYBRID]
2026-09-17T10:00:00+00:00,GATEWAY-NL-PAGALA-01,NL-PAGALA-01,Kohima NH-29 Pagala Pahar,Nagaland,Kohima,NH-29 Dimapur-Kohima Lifeline,25.688,93.985,5.5,0.2,4.2,0.0,0.15,0.824,1,AUTHENTIC_LIVE_HOURLY,[LIVE/HYBRID]
2026-09-18T06:00:00+00:00,GATEWAY-NL-PAGALA-01,NL-PAGALA-01,Kohima NH-29 Pagala Pahar,Nagaland,Kohima,NH-29 Dimapur-Kohima Lifeline,25.688,93.985,5.6,0.0,3.7,0.0,0.08,1.919,8,AUTHENTIC_LIVE_HOURLY,[LIVE/HYBRID]
2026-09-18T07:00:00+00:00,GATEWAY-NL-PAGALA-01,NL-PAGALA-01,Kohima NH-29 Pagala Pahar,Nagaland,Kohima,NH-29 Dimapur-Kohima Lifeline,25.688,93.985,5.6,0.1,3.7,0.0,0.08,1.919,17,AUTHENTIC_LIVE_HOURLY,[LIVE/HYBRID]
2026-09-18T08:00:00+00:00,GATEWAY-NL-PAGALA-01,NL-PAGALA-01,Kohima NH-29 Pagala Pahar,Nagaland,Kohima,NH-29 Dimapur-Kohima Lifeline,25.688,93.985,5.6,0.3,4.2,0.0,0.08,1.919,4,AUTHENTIC_LIVE_HOURLY,[LIVE/HYBRID]
2026-09-18T11:00:00+00:00,GATEWAY-NL-PAGALA-01,NL-PAGALA-01,Kohima NH-29 Pagala Pahar,Nagaland,Kohima,NH-29 Dimapur-Kohima Lifeline,25.688,93.985,5.6,0.0,4.2,0.0,0.08,1.919,1,AUTHENTIC_LIVE_HOURLY,[LIVE/HYBRID]
2026-09-18T12:00:00+00:00,GATEWAY-NL-PAGALA-01,NL-PAGALA-01,Kohima NH-29 Pagala Pahar,Nagaland,Kohima,NH-29 Dimapur-Kohima Lifeline,25.688,93.985,5.6,0.0,3.7,0.0,0.08,1.919,4,AUTHENTIC_LIVE_HOURLY,[LIVE/HYBRID]
2026-09-18T14:00:00+00:00,GATEWAY-NL-PAGALA-01,NL-PAGALA-01,Kohima NH-29 Pagala Pahar,Nagaland,Kohima,NH-29 Dimapur-Kohima Lifeline,25.688,93.985,6.3,0.0,3.7,0.0,0.07,1.919,19,AUTHENTIC_LIVE_HOURLY,[LIVE/HYBRID]
2026-09-18T15:00:00+00:00,GATEWAY-NL-PAGALA-01,NL-PAGALA-01,Kohima NH-29 Pagala Pahar,Nagaland,Kohima,NH-29 Dimapur-Kohima Lifeline,25.688,93.985,6.3,0.0,3.7,0.0,0.07,1.919,39,AUTHENTIC_LIVE_HOURLY,[LIVE/HYBRID]
2026-09-18T16:00:00+00:00,GATEWAY-NL-PAGALA-01,NL-PAGALA-01,Kohima NH-29 Pagala Pahar,Nagaland,Kohima,NH-29 Dimapur-Kohima Lifeline,25.688,93.985,6.3,0.0,3.7,0.0,0.07,1.919,20,AUTHENTIC_LIVE_HOURLY,[LIVE/HYBRID]
2026-09-18T17:00:00+00:00,GATEWAY-NL-PAGALA-01,NL-PAGALA-01,Kohima NH-29 Pagala Pahar,Nagaland,Kohima,NH-29 Dimapur-Kohima Lifeline,25.688,93.985,6.3,0.0,3.7,0.0,0.07,1.919,9,AUTHENTIC_LIVE_HOURLY,[LIVE/HYBRID]
2026-09-19T17:00:00+00:00,GATEWAY-NL-PAGALA-01,NL-PAGALA-01,Kohima NH-29 Pagala Pahar,Nagaland,Kohima,NH-29 Dimapur-Kohima Lifeline,25.688,93.985,68.2,3.79,5.2,12.77,1.19,1.73,1,AUTHENTIC_LIVE_HOURLY,[LIVE/HYBRID]
2026-09-20T08:00:00+00:00,GATEWAY-NL-PAGALA-01,NL-PAGALA-01,Kohima NH-29 Pagala Pahar,Nagaland,Kohima,NH-29 Dimapur-Kohima Lifeline,25.688,93.985,61.0,3.39,5.2,11.04,1.07,1.756,1,AUTHENTIC_LIVE_HOURLY,[LIVE/HYBRID]
2026-09-13T09:00:00+00:00,GATEWAY-NL-PIPHEMA-01,NL-PIPHEMA-01,Piphema Sinking Zone,Nagaland,Chümoukedima,NH-29,25.756,93.912,5.9,0.1,4.2,0.0,0.18,0.955,7,AUTHENTIC_LIVE_HOURLY,[LIVE/HYBRID]
2026-09-13T10:00:00+00:00,GATEWAY-NL-PIPHEMA-01,NL-PIPHEMA-01,Piphema Sinking Zone,Nagaland,Chümoukedima,NH-29,25.756,93.912,5.9,0.1,4.2,0.0,0.18,0.955,11,AUTHENTIC_LIVE_HOURLY,[LIVE/HYBRID]
2026-09-13T11:00:00+00:00,GATEWAY-NL-PIPHEMA-01,NL-PIPHEMA-01,Piphema Sinking Zone,Nagaland,Chümoukedima,NH-29,25.756,93.912,5.9,0.1,4.2,0.0,0.18,0.955,11,AUTHENTIC_LIVE_HOURLY,[LIVE/HYBRID]
2026-09-13T12:00:00+00:00,GATEWAY-NL-PIPHEMA-01,NL-PIPHEMA-01,Piphema Sinking Zone,Nagaland,Chümoukedima,NH-29,25.756,93.912,4.3,0.0,4.2,0.0,0.23,0.955,10,AUTHENTIC_LIVE_HOURLY,[LIVE/HYBRID]
2026-09-13T18:00:00+00:00,GATEWAY-NL-PIPHEMA-01,NL-PIPHEMA-01,Piphema Sinking Zone,Nagaland,Chümoukedima,NH-29,25.756,93.912,76.2,4.23,5.2,14.69,1.33,0.852,1,AUTHENTIC_LIVE_HOURLY,[LIVE/HYBRID]
2026-09-14T14:00:00+00:00,GATEWAY-NL-PIPHEMA-01,NL-PIPHEMA-01,Piphema Sinking Zone,Nagaland,Chümoukedima,NH-29,25.756,93.912,72.2,4.01,5.2,13.73,1.26,0.859,1,AUTHENTIC_LIVE_HOURLY,[LIVE/HYBRID]
2026-09-16T01:00:00+00:00,GATEWAY-NL-PIPHEMA-01,NL-PIPHEMA-01,Piphema Sinking Zone,Nagaland,Chümoukedima,NH-29,25.756,93.912,9.2,0.1,4.2,0.0,0.3,0.955,12,AUTHENTIC_LIVE_HOURLY,[LIVE/HYBRID]
2026-09-16T02:00:00+00:00,GATEWAY-NL-PIPHEMA-01,NL-PIPHEMA-01,Piphema Sinking Zone,Nagaland,Chümoukedima,NH-29,25.756,93.912,9.2,0.1,4.2,0.0,0.3,0.955,5,AUTHENTIC_LIVE_HOURLY,[LIVE/HYBRID]
2026-09-16T04:00:00+00:00,GATEWAY-NL-PIPHEMA-01,NL-PIPHEMA-01,Piphema Sinking Zone,Nagaland,Chümoukedima,NH-29,25.756,93.912,9.2,0.3,4.2,0.0,0.3,0.955,2,AUTHENTIC_LIVE_HOURLY,[LIVE/HYBRID]
2026-09-16T05:00:00+00:00,GATEWAY-NL-PIPHEMA-01,NL-PIPHEMA-01,Piphema Sinking Zone,Nagaland,Chümoukedima,NH-29,25.756,93.912,9.2,0.4,4.2,0.0,0.3,0.955,2,AUTHENTIC_LIVE_HOURLY,[LIVE/HYBRID]
2026-09-16T07:00:00+00:00,GATEWAY-NL-PIPHEMA-01,NL-PIPHEMA-01,Piphema Sinking Zone,Nagaland,Chümoukedima,NH-29,25.756,93.912,13.0,0.0,4.2,0.0,0.25,0.955,9,AUTHENTIC_LIVE_HOURLY,[LIVE/HYBRID]
2026-09-16T08:00:00+00:00,GATEWAY-NL-PIPHEMA-01,NL-PIPHEMA-01,Piphema Sinking Zone,Nagaland,Chümoukedima,NH-29,25.756,93.912,13.0,0.0,4.2,0.0,0.25,0.955,17,AUTHENTIC_LIVE_HOURLY,[LIVE/HYBRID]
2026-09-16T09:00:00+00:00,GATEWAY-NL-PIPHEMA-01,NL-PIPHEMA-01,Piphema Sinking Zone,Nagaland,Chümoukedima,NH-29,25.756,93.912,13.0,0.0,4.2,0.0,0.25,0.955,5,AUTHENTIC_LIVE_HOURLY,[LIVE/HYBRID]
2026-09-16T10:00:00+00:00,GATEWAY-NL-PIPHEMA-01,NL-PIPHEMA-01,Piphema Sinking Zone,Nagaland,Chümoukedima,NH-29,25.756,93.912,13.0,0.0,4.2,0.0,0.25,0.955,2,AUTHENTIC_LIVE_HOURLY,[LIVE/HYBRID]
2026-09-16T11:00:00+00:00,GATEWAY-NL-PIPHEMA-01,NL-PIPHEMA-01,Piphema Sinking Zone,Nagaland,Chümoukedima,NH-29,25.756,93.912,13.0,0.0,4.2,0.0,0.25,0.955,3,AUTHENTIC_LIVE_HOURLY,[LIVE/HYBRID]
2026-09-17T05:00:00+00:00,GATEWAY-NL-PIPHEMA-01,NL-PIPHEMA-01,Piphema Sinking Zone,Nagaland,Chümoukedima,NH-29,25.756,93.912,13.8,0.7,4.2,0.0,0.46,0.955,7,AUTHENTIC_LIVE_HOURLY,[LIVE/HYBRID]
2026-09-17T06:00:00+00:00,GATEWAY-NL-PIPHEMA-01,NL-PIPHEMA-01,Piphema Sinking Zone,Nagaland,Chümoukedima,NH-29,25.756,93.912,14.1,0.3,4.2,0.0,0.43,0.955,28,AUTHENTIC_LIVE_HOURLY,[LIVE/HYBRID]
2026-09-17T07:00:00+00:00,GATEWAY-NL-PIPHEMA-01,NL-PIPHEMA-01,Piphema Sinking Zone,Nagaland,Chümoukedima,NH-29,25.756,93.912,14.1,0.3,4.2,0.0,0.43,0.955,30,AUTHENTIC_LIVE_HOURLY,[LIVE/HYBRID]
2026-09-17T08:00:00+00:00,GATEWAY-NL-PIPHEMA-01,NL-PIPHEMA-01,Piphema Sinking Zone,Nagaland,Chümoukedima,NH-29,25.756,93.912,14.1,0.4,4.2,0.0,0.43,0.955,10,AUTHENTIC_LIVE_HOURLY,[LIVE/HYBRID]
2026-09-17T09:00:00+00:00,GATEWAY-NL-PIPHEMA-01,NL-PIPHEMA-01,Piphema Sinking Zone,Nagaland,Chümoukedima,NH-29,25.756,93.912,14.1,0.1,4.2,0.0,0.43,0.955,4,AUTHENTIC_LIVE_HOURLY,[LIVE/HYBRID]
2026-09-17T10:00:00+00:00,GATEWAY-NL-PIPHEMA-01,NL-PIPHEMA-01,Piphema Sinking Zone,Nagaland,Chümoukedima,NH-29,25.756,93.912,14.1,0.1,4.2,0.0,0.43,0.955,1,AUTHENTIC_LIVE_HOURLY,[LIVE/HYBRID]
2026-09-18T06:00:00+00:00,GATEWAY-NL-PIPHEMA-01,NL-PIPHEMA-01,Piphema Sinking Zone,Nagaland,Chümoukedima,NH-29,25.756,93.912,5.0,0.1,3.7,0.0,0.32,2.818,8,AUTHENTIC_LIVE_HOURLY,[LIVE/HYBRID]
2026-09-18T07:00:00+00:00,GATEWAY-NL-PIPHEMA-01,NL-PIPHEMA-01,Piphema Sinking Zone,Nagaland,Chümoukedima,NH-29,25.756,93.912,5.0,0.1,3.7,0.0,0.32,2.818,17,AUTHENTIC_LIVE_HOURLY,[LIVE/HYBRID]
2026-09-18T08:00:00+00:00,GATEWAY-NL-PIPHEMA-01,NL-PIPHEMA-01,Piphema Sinking Zone,Nagaland,Chümoukedima,NH-29,25.756,93.912,5.0,0.0,4.2,0.0,0.32,2.818,4,AUTHENTIC_LIVE_HOURLY,[LIVE/HYBRID]
2026-09-18T11:00:00+00:00,GATEWAY-NL-PIPHEMA-01,NL-PIPHEMA-01,Piphema Sinking Zone,Nagaland,Chümoukedima,NH-29,25.756,93.912,5.0,0.0,4.2,0.0,0.32,2.818,1,AUTHENTIC_LIVE_HOURLY,[LIVE/HYBRID]
2026-09-18T12:00:00+00:00,GATEWAY-NL-PIPHEMA-01,NL-PIPHEMA-01,Piphema Sinking Zone,Nagaland,Chümoukedima,NH-29,25.756,93.912,5.0,0.0,3.7,0.0,0.32,2.818,4,AUTHENTIC_LIVE_HOURLY,[LIVE/HYBRID]
2026-09-18T14:00:00+00:00,GATEWAY-NL-PIPHEMA-01,NL-PIPHEMA-01,Piphema Sinking Zone,Nagaland,Chümoukedima,NH-29,25.756,93.912,5.6,0.0,3.7,0.0,0.38,2.818,19,AUTHENTIC_LIVE_HOURLY,[LIVE/HYBRID]
2026-09-18T15:00:00+00:00,GATEWAY-NL-PIPHEMA-01,NL-PIPHEMA-01,Piphema Sinking Zone,Nagaland,Chümoukedima,NH-29,25.756,93.912,5.6,0.2,3.7,0.0,0.38,2.818,39,AUTHENTIC_LIVE_HOURLY,[LIVE/HYBRID]
2026-09-18T16:00:00+00:00,GATEWAY-NL-PIPHEMA-01,NL-PIPHEMA-01,Piphema Sinking Zone,Nagaland,Chümoukedima,NH-29,25.756,93.912,5.6,0.1,3.7,0.0,0.38,2.818,20,AUTHENTIC_LIVE_HOURLY,[LIVE/HYBRID]
2026-09-18T17:00:00+00:00,GATEWAY-NL-PIPHEMA-01,NL-PIPHEMA-01,Piphema Sinking Zone,Nagaland,Chümoukedima,NH-29,25.756,93.912,5.6,0.1,3.7,0.0,0.38,2.818,9,AUTHENTIC_LIVE_HOURLY,[LIVE/HYBRID]
2026-09-19T17:00:00+00:00,GATEWAY-NL-PIPHEMA-01,NL-PIPHEMA-01,Piphema Sinking Zone,Nagaland,Chümoukedima,NH-29,25.756,93.912,75.4,4.19,5.2,14.5,1.32,2.5,1,AUTHENTIC_LIVE_HOURLY,[LIVE/HYBRID]
2026-09-20T08:00:00+00:00,GATEWAY-NL-PIPHEMA-01,NL-PIPHEMA-01,Piphema Sinking Zone,Nagaland,Chümoukedima,NH-29,25.756,93.912,68.2,3.79,5.2,12.77,1.19,2.538,1,AUTHENTIC_LIVE_HOURLY,[LIVE/HYBRID]
2026-09-13T09:00:00+00:00,GATEWAY-SK-DIKCHU-01,SK-DIKCHU-01,Dikchu Hydro Sector Bluffs,Sikkim,North Sikkim,North Sikkim Highway,27.382,88.583,12.3,0.2,4.2,0.0,0.47,2.336,7,AUTHENTIC_LIVE_HOURLY,[LIVE/HYBRID]
2026-09-13T10:00:00+00:00,GATEWAY-SK-DIKCHU-01,SK-DIKCHU-01,Dikchu Hydro Sector Bluffs,Sikkim,North Sikkim,North Sikkim Highway,27.382,88.583,12.3,0.1,4.2,0.0,0.47,2.336,11,AUTHENTIC_LIVE_HOURLY,[LIVE/HYBRID]
2026-09-13T11:00:00+00:00,GATEWAY-SK-DIKCHU-01,SK-DIKCHU-01,Dikchu Hydro Sector Bluffs,Sikkim,North Sikkim,North Sikkim Highway,27.382,88.583,12.3,0.0,4.2,0.0,0.47,2.336,11,AUTHENTIC_LIVE_HOURLY,[LIVE/HYBRID]
2026-09-13T12:00:00+00:00,GATEWAY-SK-DIKCHU-01,SK-DIKCHU-01,Dikchu Hydro Sector Bluffs,Sikkim,North Sikkim,North Sikkim Highway,27.382,88.583,11.0,0.0,4.2,0.0,0.44,2.336,10,AUTHENTIC_LIVE_HOURLY,[LIVE/HYBRID]
2026-09-13T18:00:00+00:00,GATEWAY-SK-DIKCHU-01,SK-DIKCHU-01,Dikchu Hydro Sector Bluffs,Sikkim,North Sikkim,North Sikkim Highway,27.382,88.583,87.4,4.86,5.2,17.38,1.53,1.951,1,AUTHENTIC_LIVE_HOURLY,[LIVE/HYBRID]
2026-09-14T14:00:00+00:00,GATEWAY-SK-DIKCHU-01,SK-DIKCHU-01,Dikchu Hydro Sector Bluffs,Sikkim,North Sikkim,North Sikkim Highway,27.382,88.583,84.2,4.68,5.2,16.61,1.47,1.968,1,AUTHENTIC_LIVE_HOURLY,[LIVE/HYBRID]
2026-09-16T01:00:00+00:00,GATEWAY-SK-DIKCHU-01,SK-DIKCHU-01,Dikchu Hydro Sector Bluffs,Sikkim,North Sikkim,North Sikkim Highway,27.382,88.583,74.6,4.14,4.2,14.3,1.31,2.019,12,AUTHENTIC_LIVE_HOURLY,[LIVE/HYBRID]
2026-09-16T02:00:00+00:00,GATEWAY-SK-DIKCHU-01,SK-DIKCHU-01,Dikchu Hydro Sector Bluffs,Sikkim,North Sikkim,North Sikkim Highway,27.382,88.583,73.0,0.2,4.2,13.92,0.99,2.028,5,AUTHENTIC_LIVE_HOURLY,[LIVE/HYBRID]
2026-09-16T04:00:00+00:00,GATEWAY-SK-DIKCHU-01,SK-DIKCHU-01,Dikchu Hydro Sector Bluffs,Sikkim,North Sikkim,North Sikkim Highway,27.382,88.583,73.0,0.2,4.2,13.92,0.99,2.028,2,AUTHENTIC_LIVE_HOURLY,[LIVE/HYBRID]
2026-09-16T05:00:00+00:00,GATEWAY-SK-DIKCHU-01,SK-DIKCHU-01,Dikchu Hydro Sector Bluffs,Sikkim,North Sikkim,North Sikkim Highway,27.382,88.583,73.0,1.2,4.2,13.92,0.99,2.028,2,AUTHENTIC_LIVE_HOURLY,[LIVE/HYBRID]
2026-09-16T07:00:00+00:00,GATEWAY-SK-DIKCHU-01,SK-DIKCHU-01,Dikchu Hydro Sector Bluffs,Sikkim,North Sikkim,North Sikkim Highway,27.382,88.583,55.1,1.1,4.2,9.62,0.83,2.123,9,AUTHENTIC_LIVE_HOURLY,[LIVE/HYBRID]
2026-09-16T08:00:00+00:00,GATEWAY-SK-DIKCHU-01,SK-DIKCHU-01,Dikchu Hydro Sector Bluffs,Sikkim,North Sikkim,North Sikkim Highway,27.382,88.583,55.1,0.8,4.2,9.62,0.83,2.123,17,AUTHENTIC_LIVE_HOURLY,[LIVE/HYBRID]
2026-09-16T09:00:00+00:00,GATEWAY-SK-DIKCHU-01,SK-DIKCHU-01,Dikchu Hydro Sector Bluffs,Sikkim,North Sikkim,North Sikkim Highway,27.382,88.583,55.1,0.7,4.2,9.62,0.83,2.123,6,AUTHENTIC_LIVE_HOURLY,[LIVE/HYBRID]
2026-09-16T10:00:00+00:00,GATEWAY-SK-DIKCHU-01,SK-DIKCHU-01,Dikchu Hydro Sector Bluffs,Sikkim,North Sikkim,North Sikkim Highway,27.382,88.583,55.1,0.3,4.2,9.62,0.83,2.123,1,AUTHENTIC_LIVE_HOURLY,[LIVE/HYBRID]
2026-09-16T11:00:00+00:00,GATEWAY-SK-DIKCHU-01,SK-DIKCHU-01,Dikchu Hydro Sector Bluffs,Sikkim,North Sikkim,North Sikkim Highway,27.382,88.583,55.1,0.3,4.2,9.62,0.83,2.123,3,AUTHENTIC_LIVE_HOURLY,[LIVE/HYBRID]
2026-09-17T05:00:00+00:00,GATEWAY-SK-DIKCHU-01,SK-DIKCHU-01,Dikchu Hydro Sector Bluffs,Sikkim,North Sikkim,North Sikkim Highway,27.382,88.583,19.4,0.0,4.2,1.06,0.78,2.312,7,AUTHENTIC_LIVE_HOURLY,[LIVE/HYBRID]
2026-09-17T06:00:00+00:00,GATEWAY-SK-DIKCHU-01,SK-DIKCHU-01,Dikchu Hydro Sector Bluffs,Sikkim,North Sikkim,North Sikkim Highway,27.382,88.583,19.4,0.1,4.2,1.06,0.59,2.312,28,AUTHENTIC_LIVE_HOURLY,[LIVE/HYBRID]
2026-09-17T07:00:00+00:00,GATEWAY-SK-DIKCHU-01,SK-DIKCHU-01,Dikchu Hydro Sector Bluffs,Sikkim,North Sikkim,North Sikkim Highway,27.382,88.583,19.4,0.1,4.2,1.06,0.59,2.312,30,AUTHENTIC_LIVE_HOURLY,[LIVE/HYBRID]
2026-09-17T08:00:00+00:00,GATEWAY-SK-DIKCHU-01,SK-DIKCHU-01,Dikchu Hydro Sector Bluffs,Sikkim,North Sikkim,North Sikkim Highway,27.382,88.583,19.4,0.2,4.2,1.06,0.59,2.312,10,AUTHENTIC_LIVE_HOURLY,[LIVE/HYBRID]
2026-09-17T09:00:00+00:00,GATEWAY-SK-DIKCHU-01,SK-DIKCHU-01,Dikchu Hydro Sector Bluffs,Sikkim,North Sikkim,North Sikkim Highway,27.382,88.583,19.4,0.1,4.2,1.06,0.59,2.312,4,AUTHENTIC_LIVE_HOURLY,[LIVE/HYBRID]
2026-09-17T10:00:00+00:00,GATEWAY-SK-DIKCHU-01,SK-DIKCHU-01,Dikchu Hydro Sector Bluffs,Sikkim,North Sikkim,North Sikkim Highway,27.382,88.583,19.4,0.1,4.2,1.06,0.59,2.312,1,AUTHENTIC_LIVE_HOURLY,[LIVE/HYBRID]
2026-09-18T06:00:00+00:00,GATEWAY-SK-DIKCHU-01,SK-DIKCHU-01,Dikchu Hydro Sector Bluffs,Sikkim,North Sikkim,North Sikkim Highway,27.382,88.583,29.3,0.2,3.7,3.43,0.3,4.758,8,AUTHENTIC_LIVE_HOURLY,[LIVE/HYBRID]
2026-09-18T07:00:00+00:00,GATEWAY-SK-DIKCHU-01,SK-DIKCHU-01,Dikchu Hydro Sector Bluffs,Sikkim,North Sikkim,North Sikkim Highway,27.382,88.583,29.3,1.4,3.7,3.43,0.3,4.758,17,AUTHENTIC_LIVE_HOURLY,[LIVE/HYBRID]
2026-09-18T08:00:00+00:00,GATEWAY-SK-DIKCHU-01,SK-DIKCHU-01,Dikchu Hydro Sector Bluffs,Sikkim,North Sikkim,North Sikkim Highway,27.382,88.583,29.3,0.9,4.2,3.43,0.3,4.758,4,AUTHENTIC_LIVE_HOURLY,[LIVE/HYBRID]
2026-09-18T10:00:00+00:00,GATEWAY-SK-DIKCHU-01,SK-DIKCHU-01,Dikchu Hydro Sector Bluffs,Sikkim,North Sikkim,North Sikkim Highway,27.382,88.583,29.3,0.1,4.2,3.43,0.3,4.758,1,AUTHENTIC_LIVE_HOURLY,[LIVE/HYBRID]
2026-09-18T12:00:00+00:00,GATEWAY-SK-DIKCHU-01,SK-DIKCHU-01,Dikchu Hydro Sector Bluffs,Sikkim,North Sikkim,North Sikkim Highway,27.382,88.583,29.3,0.0,3.7,3.43,0.3,4.758,4,AUTHENTIC_LIVE_HOURLY,[LIVE/HYBRID]
2026-09-18T14:00:00+00:00,GATEWAY-SK-DIKCHU-01,SK-DIKCHU-01,Dikchu Hydro Sector Bluffs,Sikkim,North Sikkim,North Sikkim Highway,27.382,88.583,20.9,0.1,3.7,1.42,0.21,4.866,19,AUTHENTIC_LIVE_HOURLY,[LIVE/HYBRID]
2026-09-18T15:00:00+00:00,GATEWAY-SK-DIKCHU-01,SK-DIKCHU-01,Dikchu Hydro Sector Bluffs,Sikkim,North Sikkim,North Sikkim Highway,27.382,88.583,20.9,0.1,3.7,1.42,0.21,4.866,39,AUTHENTIC_LIVE_HOURLY,[LIVE/HYBRID]
2026-09-18T16:00:00+00:00,GATEWAY-SK-DIKCHU-01,SK-DIKCHU-01,Dikchu Hydro Sector Bluffs,Sikkim,North Sikkim,North Sikkim Highway,27.382,88.583,20.9,0.1,3.7,1.42,0.21,4.866,20,AUTHENTIC_LIVE_HOURLY,[LIVE/HYBRID]
2026-09-18T17:00:00+00:00,GATEWAY-SK-DIKCHU-01,SK-DIKCHU-01,Dikchu Hydro Sector Bluffs,Sikkim,North Sikkim,North Sikkim Highway,27.382,88.583,20.9,0.3,3.7,1.42,0.21,4.866,9,AUTHENTIC_LIVE_HOURLY,[LIVE/HYBRID]
2026-09-19T17:00:00+00:00,GATEWAY-SK-DIKCHU-01,SK-DIKCHU-01,Dikchu Hydro Sector Bluffs,Sikkim,North Sikkim,North Sikkim Highway,27.382,88.583,87.4,4.86,5.2,17.38,1.53,4.005,1,AUTHENTIC_LIVE_HOURLY,[LIVE/HYBRID]
2026-09-20T08:00:00+00:00,GATEWAY-SK-DIKCHU-01,SK-DIKCHU-01,Dikchu Hydro Sector Bluffs,Sikkim,North Sikkim,North Sikkim Highway,27.382,88.583,80.2,4.46,5.2,15.65,1.4,4.098,1,AUTHENTIC_LIVE_HOURLY,[LIVE/HYBRID]
2026-09-13T09:00:00+00:00,GATEWAY-SK-MANGAN-01,SK-MANGAN-01,Mangan Relict Landslide Complex,Sikkim,Mangan,Mangan-Chungthang Road,27.502,88.528,52.3,0.4,4.2,8.95,1.22,1.193,7,AUTHENTIC_LIVE_HOURLY,[LIVE/HYBRID]
2026-09-13T10:00:00+00:00,GATEWAY-SK-MANGAN-01,SK-MANGAN-01,Mangan Relict Landslide Complex,Sikkim,Mangan,Mangan-Chungthang Road,27.502,88.528,52.3,0.2,4.2,8.95,1.22,1.193,11,AUTHENTIC_LIVE_HOURLY,[LIVE/HYBRID]
2026-09-13T11:00:00+00:00,GATEWAY-SK-MANGAN-01,SK-MANGAN-01,Mangan Relict Landslide Complex,Sikkim,Mangan,Mangan-Chungthang Road,27.502,88.528,52.3,0.1,4.2,8.95,1.22,1.193,11,AUTHENTIC_LIVE_HOURLY,[LIVE/HYBRID]
2026-09-13T12:00:00+00:00,GATEWAY-SK-MANGAN-01,SK-MANGAN-01,Mangan Relict Landslide Complex,Sikkim,Mangan,Mangan-Chungthang Road,27.502,88.528,50.4,0.1,4.2,8.5,1.27,1.198,10,AUTHENTIC_LIVE_HOURLY,[LIVE/HYBRID]
2026-09-13T18:00:00+00:00,GATEWAY-SK-MANGAN-01,SK-MANGAN-01,Mangan Relict Landslide Complex,Sikkim,Mangan,Mangan-Chungthang Road,27.502,88.528,100.6,5.59,5.2,20.54,1.76,1.065,1,AUTHENTIC_LIVE_HOURLY,[LIVE/HYBRID]
2026-09-14T14:00:00+00:00,GATEWAY-SK-MANGAN-01,SK-MANGAN-01,Mangan Relict Landslide Complex,Sikkim,Mangan,Mangan-Chungthang Road,27.502,88.528,97.4,5.41,5.2,19.78,1.7,1.073,1,AUTHENTIC_LIVE_HOURLY,[LIVE/HYBRID]
2026-09-16T01:00:00+00:00,GATEWAY-SK-MANGAN-01,SK-MANGAN-01,Mangan Relict Landslide Complex,Sikkim,Mangan,Mangan-Chungthang Road,27.502,88.528,87.8,4.88,4.2,17.47,1.54,1.098,12,AUTHENTIC_LIVE_HOURLY,[LIVE/HYBRID]
2026-09-16T02:00:00+00:00,GATEWAY-SK-MANGAN-01,SK-MANGAN-01,Mangan Relict Landslide Complex,Sikkim,Mangan,Mangan-Chungthang Road,27.502,88.528,87.8,4.88,4.2,17.47,1.54,1.098,5,AUTHENTIC_LIVE_HOURLY,[LIVE/HYBRID]
2026-09-16T04:00:00+00:00,GATEWAY-SK-MANGAN-01,SK-MANGAN-01,Mangan Relict Landslide Complex,Sikkim,Mangan,Mangan-Chungthang Road,27.502,88.528,87.8,4.88,4.2,17.47,1.54,1.098,2,AUTHENTIC_LIVE_HOURLY,[LIVE/HYBRID]
2026-09-16T05:00:00+00:00,GATEWAY-SK-MANGAN-01,SK-MANGAN-01,Mangan Relict Landslide Complex,Sikkim,Mangan,Mangan-Chungthang Road,27.502,88.528,167.8,2.2,4.2,36.67,2.19,0.886,2,AUTHENTIC_LIVE_HOURLY,[LIVE/HYBRID]
2026-09-16T07:00:00+00:00,GATEWAY-SK-MANGAN-01,SK-MANGAN-01,Mangan Relict Landslide Complex,Sikkim,Mangan,Mangan-Chungthang Road,27.502,88.528,145.2,1.1,4.2,31.25,2.2,0.946,9,AUTHENTIC_LIVE_HOURLY,[LIVE/HYBRID]
2026-09-16T08:00:00+00:00,GATEWAY-SK-MANGAN-01,SK-MANGAN-01,Mangan Relict Landslide Complex,Sikkim,Mangan,Mangan-Chungthang Road,27.502,88.528,145.2,1.7,4.2,31.25,2.2,0.946,17,AUTHENTIC_LIVE_HOURLY,[LIVE/HYBRID]
2026-09-16T09:00:00+00:00,GATEWAY-SK-MANGAN-01,SK-MANGAN-01,Mangan Relict Landslide Complex,Sikkim,Mangan,Mangan-Chungthang Road,27.502,88.528,145.2,1.4,4.2,31.25,2.2,0.946,6,AUTHENTIC_LIVE_HOURLY,[LIVE/HYBRID]
2026-09-16T10:00:00+00:00,GATEWAY-SK-MANGAN-01,SK-MANGAN-01,Mangan Relict Landslide Complex,Sikkim,Mangan,Mangan-Chungthang Road,27.502,88.528,145.2,1.7,4.2,31.25,2.2,0.946,1,AUTHENTIC_LIVE_HOURLY,[LIVE/HYBRID]
2026-09-16T11:00:00+00:00,GATEWAY-SK-MANGAN-01,SK-MANGAN-01,Mangan Relict Landslide Complex,Sikkim,Mangan,Mangan-Chungthang Road,27.502,88.528,145.2,1.7,4.2,31.25,2.2,0.946,3,AUTHENTIC_LIVE_HOURLY,[LIVE/HYBRID]
2026-09-17T05:00:00+00:00,GATEWAY-SK-MANGAN-01,SK-MANGAN-01,Mangan Relict Landslide Complex,Sikkim,Mangan,Mangan-Chungthang Road,27.502,88.528,46.5,0.2,4.2,7.56,1.34,1.208,7,AUTHENTIC_LIVE_HOURLY,[LIVE/HYBRID]
2026-09-17T06:00:00+00:00,GATEWAY-SK-MANGAN-01,SK-MANGAN-01,Mangan Relict Landslide Complex,Sikkim,Mangan,Mangan-Chungthang Road,27.502,88.528,52.1,0.1,4.2,8.9,1.32,1.193,28,AUTHENTIC_LIVE_HOURLY,[LIVE/HYBRID]
2026-09-17T07:00:00+00:00,GATEWAY-SK-MANGAN-01,SK-MANGAN-01,Mangan Relict Landslide Complex,Sikkim,Mangan,Mangan-Chungthang Road,27.502,88.528,52.1,0.1,4.2,8.9,1.32,1.193,30,AUTHENTIC_LIVE_HOURLY,[LIVE/HYBRID]
2026-09-17T08:00:00+00:00,GATEWAY-SK-MANGAN-01,SK-MANGAN-01,Mangan Relict Landslide Complex,Sikkim,Mangan,Mangan-Chungthang Road,27.502,88.528,52.1,0.2,4.2,8.9,1.32,1.193,10,AUTHENTIC_LIVE_HOURLY,[LIVE/HYBRID]
2026-09-17T09:00:00+00:00,GATEWAY-SK-MANGAN-01,SK-MANGAN-01,Mangan Relict Landslide Complex,Sikkim,Mangan,Mangan-Chungthang Road,27.502,88.528,52.1,0.1,4.2,8.9,1.32,1.193,4,AUTHENTIC_LIVE_HOURLY,[LIVE/HYBRID]
2026-09-17T10:00:00+00:00,GATEWAY-SK-MANGAN-01,SK-MANGAN-01,Mangan Relict Landslide Complex,Sikkim,Mangan,Mangan-Chungthang Road,27.502,88.528,52.1,0.1,4.2,8.9,1.32,1.193,1,AUTHENTIC_LIVE_HOURLY,[LIVE/HYBRID]
2026-09-18T06:00:00+00:00,GATEWAY-SK-MANGAN-01,SK-MANGAN-01,Mangan Relict Landslide Complex,Sikkim,Mangan,Mangan-Chungthang Road,27.502,88.528,64.5,1.5,3.7,11.88,0.65,2.635,8,AUTHENTIC_LIVE_HOURLY,[LIVE/HYBRID]
2026-09-18T07:00:00+00:00,GATEWAY-SK-MANGAN-01,SK-MANGAN-01,Mangan Relict Landslide Complex,Sikkim,Mangan,Mangan-Chungthang Road,27.502,88.528,64.5,2.1,3.7,11.88,0.65,2.635,17,AUTHENTIC_LIVE_HOURLY,[LIVE/HYBRID]
2026-09-18T08:00:00+00:00,GATEWAY-SK-MANGAN-01,SK-MANGAN-01,Mangan Relict Landslide Complex,Sikkim,Mangan,Mangan-Chungthang Road,27.502,88.528,64.5,1.7,4.2,11.88,0.65,2.635,4,AUTHENTIC_LIVE_HOURLY,[LIVE/HYBRID]
2026-09-18T10:00:00+00:00,GATEWAY-SK-MANGAN-01,SK-MANGAN-01,Mangan Relict Landslide Complex,Sikkim,Mangan,Mangan-Chungthang Road,27.502,88.528,64.5,0.5,4.2,11.88,0.65,2.635,1,AUTHENTIC_LIVE_HOURLY,[LIVE/HYBRID]
2026-09-18T12:00:00+00:00,GATEWAY-SK-MANGAN-01,SK-MANGAN-01,Mangan Relict Landslide Complex,Sikkim,Mangan,Mangan-Chungthang Road,27.502,88.528,64.5,0.5,3.7,11.88,0.65,2.635,4,AUTHENTIC_LIVE_HOURLY,[LIVE/HYBRID]
2026-09-18T14:00:00+00:00,GATEWAY-SK-MANGAN-01,SK-MANGAN-01,Mangan Relict Landslide Complex,Sikkim,Mangan,Mangan-Chungthang Road,27.502,88.528,63.3,1.0,3.7,11.59,0.6,2.643,19,AUTHENTIC_LIVE_HOURLY,[LIVE/HYBRID]
2026-09-18T15:00:00+00:00,GATEWAY-SK-MANGAN-01,SK-MANGAN-01,Mangan Relict Landslide Complex,Sikkim,Mangan,Mangan-Chungthang Road,27.502,88.528,63.3,0.2,3.7,11.59,0.6,2.643,39,AUTHENTIC_LIVE_HOURLY,[LIVE/HYBRID]
2026-09-18T16:00:00+00:00,GATEWAY-SK-MANGAN-01,SK-MANGAN-01,Mangan Relict Landslide Complex,Sikkim,Mangan,Mangan-Chungthang Road,27.502,88.528,63.3,1.2,3.7,11.59,0.6,2.643,20,AUTHENTIC_LIVE_HOURLY,[LIVE/HYBRID]
2026-09-18T17:00:00+00:00,GATEWAY-SK-MANGAN-01,SK-MANGAN-01,Mangan Relict Landslide Complex,Sikkim,Mangan,Mangan-Chungthang Road,27.502,88.528,63.3,0.9,3.7,11.59,0.6,2.643,9,AUTHENTIC_LIVE_HOURLY,[LIVE/HYBRID]
2026-09-19T17:00:00+00:00,GATEWAY-SK-MANGAN-01,SK-MANGAN-01,Mangan Relict Landslide Complex,Sikkim,Mangan,Mangan-Chungthang Road,27.502,88.528,100.6,5.59,5.2,20.54,1.76,2.393,1,AUTHENTIC_LIVE_HOURLY,[LIVE/HYBRID]
2026-09-20T08:00:00+00:00,GATEWAY-SK-MANGAN-01,SK-MANGAN-01,Mangan Relict Landslide Complex,Sikkim,Mangan,Mangan-Chungthang Road,27.502,88.528,93.4,5.19,5.2,18.82,1.63,2.441,1,AUTHENTIC_LIVE_HOURLY,[LIVE/HYBRID]
2026-09-13T09:00:00+00:00,GATEWAY-SK-NH10-KM48,SK-NH10-KM48,NH-10 Km 48 (29th Mile Sector),Sikkim,Kalimpong-Sikkim Border,National Highway 10,27.33,88.61,12.3,0.2,4.2,0.0,0.47,0.981,7,AUTHENTIC_LIVE_HOURLY,[LIVE/HYBRID]
2026-09-13T10:00:00+00:00,GATEWAY-SK-NH10-KM48,SK-NH10-KM48,NH-10 Km 48 (29th Mile Sector),Sikkim,Kalimpong-Sikkim Border,National Highway 10,27.33,88.61,12.3,0.1,4.2,0.0,0.47,0.981,11,AUTHENTIC_LIVE_HOURLY,[LIVE/HYBRID]
2026-09-13T11:00:00+00:00,GATEWAY-SK-NH10-KM48,SK-NH10-KM48,NH-10 Km 48 (29th Mile Sector),Sikkim,Kalimpong-Sikkim Border,National Highway 10,27.33,88.61,12.3,0.0,4.2,0.0,0.47,0.981,11,AUTHENTIC_LIVE_HOURLY,[LIVE/HYBRID]
2026-09-13T12:00:00+00:00,GATEWAY-SK-NH10-KM48,SK-NH10-KM48,NH-10 Km 48 (29th Mile Sector),Sikkim,Kalimpong-Sikkim Border,National Highway 10,27.33,88.61,12.3,0.0,4.2,0.0,0.47,0.981,10,AUTHENTIC_LIVE_HOURLY,[LIVE/HYBRID]
2026-09-13T18:00:00+00:00,GATEWAY-SK-NH10-KM48,SK-NH10-KM48,NH-10 Km 48 (29th Mile Sector),Sikkim,Kalimpong-Sikkim Border,National Highway 10,27.33,88.61,135.0,7.5,5.2,28.8,2.36,0.767,1,AUTHENTIC_LIVE_HOURLY,[LIVE/HYBRID]
2026-09-14T14:00:00+00:00,GATEWAY-SK-NH10-KM48,SK-NH10-KM48,NH-10 Km 48 (29th Mile Sector),Sikkim,Kalimpong-Sikkim Border,National Highway 10,27.33,88.61,135.0,7.5,5.2,28.8,2.36,0.767,1,AUTHENTIC_LIVE_HOURLY,[LIVE/HYBRID]
2026-09-16T01:00:00+00:00,GATEWAY-SK-NH10-KM48,SK-NH10-KM48,NH-10 Km 48 (29th Mile Sector),Sikkim,Kalimpong-Sikkim Border,National Highway 10,27.33,88.61,73.0,0.1,4.2,13.92,0.99,0.878,12,AUTHENTIC_LIVE_HOURLY,[LIVE/HYBRID]
2026-09-16T02:00:00+00:00,GATEWAY-SK-NH10-KM48,SK-NH10-KM48,NH-10 Km 48 (29th Mile Sector),Sikkim,Kalimpong-Sikkim Border,National Highway 10,27.33,88.61,73.0,0.2,4.2,13.92,0.99,0.878,5,AUTHENTIC_LIVE_HOURLY,[LIVE/HYBRID]
2026-09-16T04:00:00+00:00,GATEWAY-SK-NH10-KM48,SK-NH10-KM48,NH-10 Km 48 (29th Mile Sector),Sikkim,Kalimpong-Sikkim Border,National Highway 10,27.33,88.61,73.0,0.8,4.2,13.92,0.99,0.878,2,AUTHENTIC_LIVE_HOURLY,[LIVE/HYBRID]
2026-09-16T05:00:00+00:00,GATEWAY-SK-NH10-KM48,SK-NH10-KM48,NH-10 Km 48 (29th Mile Sector),Sikkim,Kalimpong-Sikkim Border,National Highway 10,27.33,88.61,73.0,1.2,4.2,13.92,0.99,0.878,2,AUTHENTIC_LIVE_HOURLY,[LIVE/HYBRID]
2026-09-16T07:00:00+00:00,GATEWAY-SK-NH10-KM48,SK-NH10-KM48,NH-10 Km 48 (29th Mile Sector),Sikkim,Kalimpong-Sikkim Border,National Highway 10,27.33,88.61,55.1,1.1,4.2,9.62,0.83,0.909,9,AUTHENTIC_LIVE_HOURLY,[LIVE/HYBRID]
2026-09-16T08:00:00+00:00,GATEWAY-SK-NH10-KM48,SK-NH10-KM48,NH-10 Km 48 (29th Mile Sector),Sikkim,Kalimpong-Sikkim Border,National Highway 10,27.33,88.61,55.1,0.8,4.2,9.62,0.83,0.909,17,AUTHENTIC_LIVE_HOURLY,[LIVE/HYBRID]
2026-09-16T09:00:00+00:00,GATEWAY-SK-NH10-KM48,SK-NH10-KM48,NH-10 Km 48 (29th Mile Sector),Sikkim,Kalimpong-Sikkim Border,National Highway 10,27.33,88.61,55.1,0.7,4.2,9.62,0.83,0.909,6,AUTHENTIC_LIVE_HOURLY,[LIVE/HYBRID]
2026-09-16T10:00:00+00:00,GATEWAY-SK-NH10-KM48,SK-NH10-KM48,NH-10 Km 48 (29th Mile Sector),Sikkim,Kalimpong-Sikkim Border,National Highway 10,27.33,88.61,55.1,0.3,4.2,9.62,0.83,0.909,1,AUTHENTIC_LIVE_HOURLY,[LIVE/HYBRID]
2026-09-16T11:00:00+00:00,GATEWAY-SK-NH10-KM48,SK-NH10-KM48,NH-10 Km 48 (29th Mile Sector),Sikkim,Kalimpong-Sikkim Border,National Highway 10,27.33,88.61,55.1,0.3,4.2,9.62,0.83,0.909,3,AUTHENTIC_LIVE_HOURLY,[LIVE/HYBRID]
2026-09-17T05:00:00+00:00,GATEWAY-SK-NH10-KM48,SK-NH10-KM48,NH-10 Km 48 (29th Mile Sector),Sikkim,Kalimpong-Sikkim Border,National Highway 10,27.33,88.61,19.4,0.0,4.2,1.06,0.78,0.973,7,AUTHENTIC_LIVE_HOURLY,[LIVE/HYBRID]
2026-09-17T06:00:00+00:00,GATEWAY-SK-NH10-KM48,SK-NH10-KM48,NH-10 Km 48 (29th Mile Sector),Sikkim,Kalimpong-Sikkim Border,National Highway 10,27.33,88.61,19.4,0.1,4.2,1.06,0.59,0.973,28,AUTHENTIC_LIVE_HOURLY,[LIVE/HYBRID]
2026-09-17T07:00:00+00:00,GATEWAY-SK-NH10-KM48,SK-NH10-KM48,NH-10 Km 48 (29th Mile Sector),Sikkim,Kalimpong-Sikkim Border,National Highway 10,27.33,88.61,19.4,0.1,4.2,1.06,0.59,0.973,30,AUTHENTIC_LIVE_HOURLY,[LIVE/HYBRID]
2026-09-17T08:00:00+00:00,GATEWAY-SK-NH10-KM48,SK-NH10-KM48,NH-10 Km 48 (29th Mile Sector),Sikkim,Kalimpong-Sikkim Border,National Highway 10,27.33,88.61,19.4,0.2,4.2,1.06,0.59,0.973,10,AUTHENTIC_LIVE_HOURLY,[LIVE/HYBRID]
2026-09-17T09:00:00+00:00,GATEWAY-SK-NH10-KM48,SK-NH10-KM48,NH-10 Km 48 (29th Mile Sector),Sikkim,Kalimpong-Sikkim Border,National Highway 10,27.33,88.61,19.4,0.1,4.2,1.06,0.59,0.973,4,AUTHENTIC_LIVE_HOURLY,[LIVE/HYBRID]
2026-09-17T10:00:00+00:00,GATEWAY-SK-NH10-KM48,SK-NH10-KM48,NH-10 Km 48 (29th Mile Sector),Sikkim,Kalimpong-Sikkim Border,National Highway 10,27.33,88.61,19.4,0.1,4.2,1.06,0.59,0.973,1,AUTHENTIC_LIVE_HOURLY,[LIVE/HYBRID]
2026-09-18T06:00:00+00:00,GATEWAY-SK-NH10-KM48,SK-NH10-KM48,NH-10 Km 48 (29th Mile Sector),Sikkim,Kalimpong-Sikkim Border,National Highway 10,27.33,88.61,29.3,0.2,3.7,3.43,0.3,0.938,8,AUTHENTIC_LIVE_HOURLY,[LIVE/HYBRID]
2026-09-18T07:00:00+00:00,GATEWAY-SK-NH10-KM48,SK-NH10-KM48,NH-10 Km 48 (29th Mile Sector),Sikkim,Kalimpong-Sikkim Border,National Highway 10,27.33,88.61,29.3,1.4,3.7,3.43,0.3,0.938,17,AUTHENTIC_LIVE_HOURLY,[LIVE/HYBRID]
2026-09-18T08:00:00+00:00,GATEWAY-SK-NH10-KM48,SK-NH10-KM48,NH-10 Km 48 (29th Mile Sector),Sikkim,Kalimpong-Sikkim Border,National Highway 10,27.33,88.61,29.3,0.9,4.2,3.43,0.3,0.938,4,AUTHENTIC_LIVE_HOURLY,[LIVE/HYBRID]
2026-09-18T10:00:00+00:00,GATEWAY-SK-NH10-KM48,SK-NH10-KM48,NH-10 Km 48 (29th Mile Sector),Sikkim,Kalimpong-Sikkim Border,National Highway 10,27.33,88.61,29.3,0.1,4.2,3.43,0.3,0.938,1,AUTHENTIC_LIVE_HOURLY,[LIVE/HYBRID]
2026-09-18T12:00:00+00:00,GATEWAY-SK-NH10-KM48,SK-NH10-KM48,NH-10 Km 48 (29th Mile Sector),Sikkim,Kalimpong-Sikkim Border,National Highway 10,27.33,88.61,29.3,0.0,3.7,3.43,0.3,0.938,4,AUTHENTIC_LIVE_HOURLY,[LIVE/HYBRID]
2026-09-18T14:00:00+00:00,GATEWAY-SK-NH10-KM48,SK-NH10-KM48,NH-10 Km 48 (29th Mile Sector),Sikkim,Kalimpong-Sikkim Border,National Highway 10,27.33,88.61,20.9,0.1,3.7,1.42,0.21,0.953,19,AUTHENTIC_LIVE_HOURLY,[LIVE/HYBRID]
2026-09-18T15:00:00+00:00,GATEWAY-SK-NH10-KM48,SK-NH10-KM48,NH-10 Km 48 (29th Mile Sector),Sikkim,Kalimpong-Sikkim Border,National Highway 10,27.33,88.61,20.9,0.1,3.7,1.42,0.21,0.953,39,AUTHENTIC_LIVE_HOURLY,[LIVE/HYBRID]
2026-09-18T16:00:00+00:00,GATEWAY-SK-NH10-KM48,SK-NH10-KM48,NH-10 Km 48 (29th Mile Sector),Sikkim,Kalimpong-Sikkim Border,National Highway 10,27.33,88.61,20.9,0.1,3.7,1.42,0.21,0.953,20,AUTHENTIC_LIVE_HOURLY,[LIVE/HYBRID]
2026-09-18T17:00:00+00:00,GATEWAY-SK-NH10-KM48,SK-NH10-KM48,NH-10 Km 48 (29th Mile Sector),Sikkim,Kalimpong-Sikkim Border,National Highway 10,27.33,88.61,20.9,0.3,3.7,1.42,0.21,0.953,9,AUTHENTIC_LIVE_HOURLY,[LIVE/HYBRID]
2026-09-19T17:00:00+00:00,GATEWAY-SK-NH10-KM48,SK-NH10-KM48,NH-10 Km 48 (29th Mile Sector),Sikkim,Kalimpong-Sikkim Border,National Highway 10,27.33,88.61,135.0,7.5,5.2,28.8,2.36,0.75,1,AUTHENTIC_LIVE_HOURLY,[LIVE/HYBRID]
2026-09-20T08:00:00+00:00,GATEWAY-SK-NH10-KM48,SK-NH10-KM48,NH-10 Km 48 (29th Mile Sector),Sikkim,Kalimpong-Sikkim Border,National Highway 10,27.33,88.61,135.0,7.5,5.2,28.8,2.36,0.75,1,AUTHENTIC_LIVE_HOURLY,[LIVE/HYBRID]
2026-09-13T09:00:00+00:00,GATEWAY-SK-SINGTAM-01,SK-SINGTAM-01,Singtam Teesta Basin Toe-Scour Zone,Sikkim,Gangtok,NH-10 / Teesta River Gorge,27.234,88.498,61.9,0.6,4.2,11.26,1.38,1.737,7,AUTHENTIC_LIVE_HOURLY,[LIVE/HYBRID]
2026-09-13T10:00:00+00:00,GATEWAY-SK-SINGTAM-01,SK-SINGTAM-01,Singtam Teesta Basin Toe-Scour Zone,Sikkim,Gangtok,NH-10 / Teesta River Gorge,27.234,88.498,61.9,0.6,4.2,11.26,1.38,1.737,11,AUTHENTIC_LIVE_HOURLY,[LIVE/HYBRID]
2026-09-13T11:00:00+00:00,GATEWAY-SK-SINGTAM-01,SK-SINGTAM-01,Singtam Teesta Basin Toe-Scour Zone,Sikkim,Gangtok,NH-10 / Teesta River Gorge,27.234,88.498,61.9,0.8,4.2,11.26,1.38,1.737,11,AUTHENTIC_LIVE_HOURLY,[LIVE/HYBRID]
2026-09-13T12:00:00+00:00,GATEWAY-SK-SINGTAM-01,SK-SINGTAM-01,Singtam Teesta Basin Toe-Scour Zone,Sikkim,Gangtok,NH-10 / Teesta River Gorge,27.234,88.498,50.9,0.2,4.2,8.62,1.44,1.784,10,AUTHENTIC_LIVE_HOURLY,[LIVE/HYBRID]
2026-09-13T18:00:00+00:00,GATEWAY-SK-SINGTAM-01,SK-SINGTAM-01,Singtam Teesta Basin Toe-Scour Zone,Sikkim,Gangtok,NH-10 / Teesta River Gorge,27.234,88.498,68.2,3.79,5.2,12.77,1.19,1.71,1,AUTHENTIC_LIVE_HOURLY,[LIVE/HYBRID]
2026-09-14T14:00:00+00:00,GATEWAY-SK-SINGTAM-01,SK-SINGTAM-01,Singtam Teesta Basin Toe-Scour Zone,Sikkim,Gangtok,NH-10 / Teesta River Gorge,27.234,88.498,65.0,3.61,5.2,12.0,1.14,1.724,1,AUTHENTIC_LIVE_HOURLY,[LIVE/HYBRID]
2026-09-16T01:00:00+00:00,GATEWAY-SK-SINGTAM-01,SK-SINGTAM-01,Singtam Teesta Basin Toe-Scour Zone,Sikkim,Gangtok,NH-10 / Teesta River Gorge,27.234,88.498,55.4,3.08,4.2,9.7,0.97,1.765,12,AUTHENTIC_LIVE_HOURLY,[LIVE/HYBRID]
2026-09-16T02:00:00+00:00,GATEWAY-SK-SINGTAM-01,SK-SINGTAM-01,Singtam Teesta Basin Toe-Scour Zone,Sikkim,Gangtok,NH-10 / Teesta River Gorge,27.234,88.498,33.1,0.4,4.2,4.34,1.05,1.86,5,AUTHENTIC_LIVE_HOURLY,[LIVE/HYBRID]
2026-09-16T04:00:00+00:00,GATEWAY-SK-SINGTAM-01,SK-SINGTAM-01,Singtam Teesta Basin Toe-Scour Zone,Sikkim,Gangtok,NH-10 / Teesta River Gorge,27.234,88.498,33.1,0.4,4.2,4.34,1.05,1.86,2,AUTHENTIC_LIVE_HOURLY,[LIVE/HYBRID]
2026-09-16T05:00:00+00:00,GATEWAY-SK-SINGTAM-01,SK-SINGTAM-01,Singtam Teesta Basin Toe-Scour Zone,Sikkim,Gangtok,NH-10 / Teesta River Gorge,27.234,88.498,33.1,0.5,4.2,4.34,1.05,1.86,2,AUTHENTIC_LIVE_HOURLY,[LIVE/HYBRID]
2026-09-16T07:00:00+00:00,GATEWAY-SK-SINGTAM-01,SK-SINGTAM-01,Singtam Teesta Basin Toe-Scour Zone,Sikkim,Gangtok,NH-10 / Teesta River Gorge,27.234,88.498,32.7,0.3,4.2,4.25,0.75,1.861,9,AUTHENTIC_LIVE_HOURLY,[LIVE/HYBRID]
2026-09-16T08:00:00+00:00,GATEWAY-SK-SINGTAM-01,SK-SINGTAM-01,Singtam Teesta Basin Toe-Scour Zone,Sikkim,Gangtok,NH-10 / Teesta River Gorge,27.234,88.498,32.7,0.1,4.2,4.25,0.75,1.861,17,AUTHENTIC_LIVE_HOURLY,[LIVE/HYBRID]
2026-09-16T09:00:00+00:00,GATEWAY-SK-SINGTAM-01,SK-SINGTAM-01,Singtam Teesta Basin Toe-Scour Zone,Sikkim,Gangtok,NH-10 / Teesta River Gorge,27.234,88.498,32.7,0.0,4.2,4.25,0.75,1.861,6,AUTHENTIC_LIVE_HOURLY,[LIVE/HYBRID]
2026-09-16T10:00:00+00:00,GATEWAY-SK-SINGTAM-01,SK-SINGTAM-01,Singtam Teesta Basin Toe-Scour Zone,Sikkim,Gangtok,NH-10 / Teesta River Gorge,27.234,88.498,32.7,0.1,4.2,4.25,0.75,1.861,1,AUTHENTIC_LIVE_HOURLY,[LIVE/HYBRID]
2026-09-16T11:00:00+00:00,GATEWAY-SK-SINGTAM-01,SK-SINGTAM-01,Singtam Teesta Basin Toe-Scour Zone,Sikkim,Gangtok,NH-10 / Teesta River Gorge,27.234,88.498,32.7,0.1,4.2,4.25,0.75,1.861,3,AUTHENTIC_LIVE_HOURLY,[LIVE/HYBRID]
2026-09-17T05:00:00+00:00,GATEWAY-SK-SINGTAM-01,SK-SINGTAM-01,Singtam Teesta Basin Toe-Scour Zone,Sikkim,Gangtok,NH-10 / Teesta River Gorge,27.234,88.498,53.8,0.2,4.2,9.31,1.16,1.772,7,AUTHENTIC_LIVE_HOURLY,[LIVE/HYBRID]
2026-09-17T06:00:00+00:00,GATEWAY-SK-SINGTAM-01,SK-SINGTAM-01,Singtam Teesta Basin Toe-Scour Zone,Sikkim,Gangtok,NH-10 / Teesta River Gorge,27.234,88.498,50.0,0.2,4.2,8.4,1.03,1.788,28,AUTHENTIC_LIVE_HOURLY,[LIVE/HYBRID]
2026-09-17T07:00:00+00:00,GATEWAY-SK-SINGTAM-01,SK-SINGTAM-01,Singtam Teesta Basin Toe-Scour Zone,Sikkim,Gangtok,NH-10 / Teesta River Gorge,27.234,88.498,50.0,0.8,4.2,8.4,1.03,1.788,30,AUTHENTIC_LIVE_HOURLY,[LIVE/HYBRID]
2026-09-17T08:00:00+00:00,GATEWAY-SK-SINGTAM-01,SK-SINGTAM-01,Singtam Teesta Basin Toe-Scour Zone,Sikkim,Gangtok,NH-10 / Teesta River Gorge,27.234,88.498,50.0,0.8,4.2,8.4,1.03,1.788,10,AUTHENTIC_LIVE_HOURLY,[LIVE/HYBRID]
2026-09-17T09:00:00+00:00,GATEWAY-SK-SINGTAM-01,SK-SINGTAM-01,Singtam Teesta Basin Toe-Scour Zone,Sikkim,Gangtok,NH-10 / Teesta River Gorge,27.234,88.498,50.0,0.5,4.2,8.4,1.03,1.788,4,AUTHENTIC_LIVE_HOURLY,[LIVE/HYBRID]
2026-09-17T10:00:00+00:00,GATEWAY-SK-SINGTAM-01,SK-SINGTAM-01,Singtam Teesta Basin Toe-Scour Zone,Sikkim,Gangtok,NH-10 / Teesta River Gorge,27.234,88.498,50.0,0.5,4.2,8.4,1.03,1.788,1,AUTHENTIC_LIVE_HOURLY,[LIVE/HYBRID]
2026-09-18T06:00:00+00:00,GATEWAY-SK-SINGTAM-01,SK-SINGTAM-01,Singtam Teesta Basin Toe-Scour Zone,Sikkim,Gangtok,NH-10 / Teesta River Gorge,27.234,88.498,38.7,1.2,3.7,5.69,0.36,2.526,8,AUTHENTIC_LIVE_HOURLY,[LIVE/HYBRID]
2026-09-18T07:00:00+00:00,GATEWAY-SK-SINGTAM-01,SK-SINGTAM-01,Singtam Teesta Basin Toe-Scour Zone,Sikkim,Gangtok,NH-10 / Teesta River Gorge,27.234,88.498,38.7,0.5,3.7,5.69,0.36,2.526,17,AUTHENTIC_LIVE_HOURLY,[LIVE/HYBRID]
2026-09-18T08:00:00+00:00,GATEWAY-SK-SINGTAM-01,SK-SINGTAM-01,Singtam Teesta Basin Toe-Scour Zone,Sikkim,Gangtok,NH-10 / Teesta River Gorge,27.234,88.498,38.7,0.8,4.2,5.69,0.36,2.526,4,AUTHENTIC_LIVE_HOURLY,[LIVE/HYBRID]
2026-09-18T10:00:00+00:00,GATEWAY-SK-SINGTAM-01,SK-SINGTAM-01,Singtam Teesta Basin Toe-Scour Zone,Sikkim,Gangtok,NH-10 / Teesta River Gorge,27.234,88.498,38.7,0.2,4.2,5.69,0.36,2.526,1,AUTHENTIC_LIVE_HOURLY,[LIVE/HYBRID]
2026-09-18T12:00:00+00:00,GATEWAY-SK-SINGTAM-01,SK-SINGTAM-01,Singtam Teesta Basin Toe-Scour Zone,Sikkim,Gangtok,NH-10 / Teesta River Gorge,27.234,88.498,38.7,0.1,3.7,5.69,0.36,2.526,4,AUTHENTIC_LIVE_HOURLY,[LIVE/HYBRID]
2026-09-18T14:00:00+00:00,GATEWAY-SK-SINGTAM-01,SK-SINGTAM-01,Singtam Teesta Basin Toe-Scour Zone,Sikkim,Gangtok,NH-10 / Teesta River Gorge,27.234,88.498,32.7,0.7,3.7,4.25,0.34,2.56,19,AUTHENTIC_LIVE_HOURLY,[LIVE/HYBRID]
2026-09-18T15:00:00+00:00,GATEWAY-SK-SINGTAM-01,SK-SINGTAM-01,Singtam Teesta Basin Toe-Scour Zone,Sikkim,Gangtok,NH-10 / Teesta River Gorge,27.234,88.498,32.7,0.1,3.7,4.25,0.34,2.56,39,AUTHENTIC_LIVE_HOURLY,[LIVE/HYBRID]
2026-09-18T16:00:00+00:00,GATEWAY-SK-SINGTAM-01,SK-SINGTAM-01,Singtam Teesta Basin Toe-Scour Zone,Sikkim,Gangtok,NH-10 / Teesta River Gorge,27.234,88.498,32.7,1.0,3.7,4.25,0.34,2.56,20,AUTHENTIC_LIVE_HOURLY,[LIVE/HYBRID]
2026-09-18T17:00:00+00:00,GATEWAY-SK-SINGTAM-01,SK-SINGTAM-01,Singtam Teesta Basin Toe-Scour Zone,Sikkim,Gangtok,NH-10 / Teesta River Gorge,27.234,88.498,32.7,0.6,3.7,4.25,0.34,2.56,9,AUTHENTIC_LIVE_HOURLY,[LIVE/HYBRID]
2026-09-19T17:00:00+00:00,GATEWAY-SK-SINGTAM-01,SK-SINGTAM-01,Singtam Teesta Basin Toe-Scour Zone,Sikkim,Gangtok,NH-10 / Teesta River Gorge,27.234,88.498,68.2,3.79,5.2,12.77,1.19,2.355,1,AUTHENTIC_LIVE_HOURLY,[LIVE/HYBRID]
2026-09-20T08:00:00+00:00,GATEWAY-SK-SINGTAM-01,SK-SINGTAM-01,Singtam Teesta Basin Toe-Scour Zone,Sikkim,Gangtok,NH-10 / Teesta River Gorge,27.234,88.498,61.0,3.39,5.2,11.04,1.07,2.397,1,AUTHENTIC_LIVE_HOURLY,[LIVE/HYBRID]
2026-09-13T09:00:00+00:00,GATEWAY-TR-BARAMURA-01,TR-BARAMURA-01,Baramura Hill Range NH-08,Tripura,Khowai,NH-08 National Corridor,23.882,91.564,2.8,0.1,4.2,0.0,0.07,1.631,7,AUTHENTIC_LIVE_HOURLY,[LIVE/HYBRID]
2026-09-13T10:00:00+00:00,GATEWAY-TR-BARAMURA-01,TR-BARAMURA-01,Baramura Hill Range NH-08,Tripura,Khowai,NH-08 National Corridor,23.882,91.564,2.8,0.1,4.2,0.0,0.07,1.631,11,AUTHENTIC_LIVE_HOURLY,[LIVE/HYBRID]
2026-09-13T11:00:00+00:00,GATEWAY-TR-BARAMURA-01,TR-BARAMURA-01,Baramura Hill Range NH-08,Tripura,Khowai,NH-08 National Corridor,23.882,91.564,2.8,0.0,4.2,0.0,0.07,1.631,11,AUTHENTIC_LIVE_HOURLY,[LIVE/HYBRID]
2026-09-13T12:00:00+00:00,GATEWAY-TR-BARAMURA-01,TR-BARAMURA-01,Baramura Hill Range NH-08,Tripura,Khowai,NH-08 National Corridor,23.882,91.564,1.7,0.0,4.2,0.0,0.06,1.631,10,AUTHENTIC_LIVE_HOURLY,[LIVE/HYBRID]
2026-09-13T18:00:00+00:00,GATEWAY-TR-BARAMURA-01,TR-BARAMURA-01,Baramura Hill Range NH-08,Tripura,Khowai,NH-08 National Corridor,23.882,91.564,63.0,3.5,5.2,11.52,1.1,1.475,1,AUTHENTIC_LIVE_HOURLY,[LIVE/HYBRID]
2026-09-14T14:00:00+00:00,GATEWAY-TR-BARAMURA-01,TR-BARAMURA-01,Baramura Hill Range NH-08,Tripura,Khowai,NH-08 National Corridor,23.882,91.564,59.8,3.32,5.2,10.75,1.05,1.485,1,AUTHENTIC_LIVE_HOURLY,[LIVE/HYBRID]
2026-09-16T01:00:00+00:00,GATEWAY-TR-BARAMURA-01,TR-BARAMURA-01,Baramura Hill Range NH-08,Tripura,Khowai,NH-08 National Corridor,23.882,91.564,12.5,0.0,4.2,0.0,0.23,1.631,12,AUTHENTIC_LIVE_HOURLY,[LIVE/HYBRID]
2026-09-16T02:00:00+00:00,GATEWAY-TR-BARAMURA-01,TR-BARAMURA-01,Baramura Hill Range NH-08,Tripura,Khowai,NH-08 National Corridor,23.882,91.564,12.5,0.0,4.2,0.0,0.23,1.631,4,AUTHENTIC_LIVE_HOURLY,[LIVE/HYBRID]
2026-09-16T03:00:00+00:00,GATEWAY-TR-BARAMURA-01,TR-BARAMURA-01,Baramura Hill Range NH-08,Tripura,Khowai,NH-08 National Corridor,23.882,91.564,12.5,0.0,4.2,0.0,0.23,1.631,1,AUTHENTIC_LIVE_HOURLY,[LIVE/HYBRID]
2026-09-16T04:00:00+00:00,GATEWAY-TR-BARAMURA-01,TR-BARAMURA-01,Baramura Hill Range NH-08,Tripura,Khowai,NH-08 National Corridor,23.882,91.564,12.5,0.0,4.2,0.0,0.23,1.631,2,AUTHENTIC_LIVE_HOURLY,[LIVE/HYBRID]
2026-09-16T05:00:00+00:00,GATEWAY-TR-BARAMURA-01,TR-BARAMURA-01,Baramura Hill Range NH-08,Tripura,Khowai,NH-08 National Corridor,23.882,91.564,12.5,0.0,4.2,0.0,0.23,1.631,2,AUTHENTIC_LIVE_HOURLY,[LIVE/HYBRID]
2026-09-16T07:00:00+00:00,GATEWAY-TR-BARAMURA-01,TR-BARAMURA-01,Baramura Hill Range NH-08,Tripura,Khowai,NH-08 National Corridor,23.882,91.564,11.9,0.1,4.2,0.0,0.24,1.631,8,AUTHENTIC_LIVE_HOURLY,[LIVE/HYBRID]
2026-09-16T08:00:00+00:00,GATEWAY-TR-BARAMURA-01,TR-BARAMURA-01,Baramura Hill Range NH-08,Tripura,Khowai,NH-08 National Corridor,23.882,91.564,11.9,0.0,4.2,0.0,0.24,1.631,18,AUTHENTIC_LIVE_HOURLY,[LIVE/HYBRID]
2026-09-16T09:00:00+00:00,GATEWAY-TR-BARAMURA-01,TR-BARAMURA-01,Baramura Hill Range NH-08,Tripura,Khowai,NH-08 National Corridor,23.882,91.564,11.9,0.1,4.2,0.0,0.24,1.631,5,AUTHENTIC_LIVE_HOURLY,[LIVE/HYBRID]
2026-09-16T10:00:00+00:00,GATEWAY-TR-BARAMURA-01,TR-BARAMURA-01,Baramura Hill Range NH-08,Tripura,Khowai,NH-08 National Corridor,23.882,91.564,11.9,0.1,4.2,0.0,0.24,1.631,1,AUTHENTIC_LIVE_HOURLY,[LIVE/HYBRID]
2026-09-16T11:00:00+00:00,GATEWAY-TR-BARAMURA-01,TR-BARAMURA-01,Baramura Hill Range NH-08,Tripura,Khowai,NH-08 National Corridor,23.882,91.564,11.9,0.1,4.2,0.0,0.24,1.631,4,AUTHENTIC_LIVE_HOURLY,[LIVE/HYBRID]
2026-09-17T05:00:00+00:00,GATEWAY-TR-BARAMURA-01,TR-BARAMURA-01,Baramura Hill Range NH-08,Tripura,Khowai,NH-08 National Corridor,23.882,91.564,5.6,0.0,4.2,0.0,0.18,1.631,7,AUTHENTIC_LIVE_HOURLY,[LIVE/HYBRID]
2026-09-17T06:00:00+00:00,GATEWAY-TR-BARAMURA-01,TR-BARAMURA-01,Baramura Hill Range NH-08,Tripura,Khowai,NH-08 National Corridor,23.882,91.564,9.7,0.1,4.2,0.0,0.19,1.631,28,AUTHENTIC_LIVE_HOURLY,[LIVE/HYBRID]
2026-09-17T07:00:00+00:00,GATEWAY-TR-BARAMURA-01,TR-BARAMURA-01,Baramura Hill Range NH-08,Tripura,Khowai,NH-08 National Corridor,23.882,91.564,9.7,0.0,4.2,0.0,0.19,1.631,30,AUTHENTIC_LIVE_HOURLY,[LIVE/HYBRID]
2026-09-17T08:00:00+00:00,GATEWAY-TR-BARAMURA-01,TR-BARAMURA-01,Baramura Hill Range NH-08,Tripura,Khowai,NH-08 National Corridor,23.882,91.564,9.7,0.1,4.2,0.0,0.19,1.631,10,AUTHENTIC_LIVE_HOURLY,[LIVE/HYBRID]
2026-09-17T09:00:00+00:00,GATEWAY-TR-BARAMURA-01,TR-BARAMURA-01,Baramura Hill Range NH-08,Tripura,Khowai,NH-08 National Corridor,23.882,91.564,9.7,0.2,4.2,0.0,0.19,1.631,3,AUTHENTIC_LIVE_HOURLY,[LIVE/HYBRID]
2026-09-17T10:00:00+00:00,GATEWAY-TR-BARAMURA-01,TR-BARAMURA-01,Baramura Hill Range NH-08,Tripura,Khowai,NH-08 National Corridor,23.882,91.564,9.7,0.2,4.2,0.0,0.19,1.631,2,AUTHENTIC_LIVE_HOURLY,[LIVE/HYBRID]
2026-09-18T06:00:00+00:00,GATEWAY-TR-BARAMURA-01,TR-BARAMURA-01,Baramura Hill Range NH-08,Tripura,Khowai,NH-08 National Corridor,23.882,91.564,2.5,0.0,3.7,0.0,0.14,4.025,7,AUTHENTIC_LIVE_HOURLY,[LIVE/HYBRID]
2026-09-18T07:00:00+00:00,GATEWAY-TR-BARAMURA-01,TR-BARAMURA-01,Baramura Hill Range NH-08,Tripura,Khowai,NH-08 National Corridor,23.882,91.564,2.5,0.0,3.7,0.0,0.14,4.025,18,AUTHENTIC_LIVE_HOURLY,[LIVE/HYBRID]
2026-09-18T08:00:00+00:00,GATEWAY-TR-BARAMURA-01,TR-BARAMURA-01,Baramura Hill Range NH-08,Tripura,Khowai,NH-08 National Corridor,23.882,91.564,2.5,0.0,4.2,0.0,0.14,4.025,4,AUTHENTIC_LIVE_HOURLY,[LIVE/HYBRID]
2026-09-18T11:00:00+00:00,GATEWAY-TR-BARAMURA-01,TR-BARAMURA-01,Baramura Hill Range NH-08,Tripura,Khowai,NH-08 National Corridor,23.882,91.564,2.5,0.0,4.2,0.0,0.14,4.025,1,AUTHENTIC_LIVE_HOURLY,[LIVE/HYBRID]
2026-09-18T12:00:00+00:00,GATEWAY-TR-BARAMURA-01,TR-BARAMURA-01,Baramura Hill Range NH-08,Tripura,Khowai,NH-08 National Corridor,23.882,91.564,2.5,0.0,3.7,0.0,0.14,4.025,4,AUTHENTIC_LIVE_HOURLY,[LIVE/HYBRID]
2026-09-18T14:00:00+00:00,GATEWAY-TR-BARAMURA-01,TR-BARAMURA-01,Baramura Hill Range NH-08,Tripura,Khowai,NH-08 National Corridor,23.882,91.564,0.4,0.0,3.7,0.0,0.27,4.025,17,AUTHENTIC_LIVE_HOURLY,[LIVE/HYBRID]
2026-09-18T15:00:00+00:00,GATEWAY-TR-BARAMURA-01,TR-BARAMURA-01,Baramura Hill Range NH-08,Tripura,Khowai,NH-08 National Corridor,23.882,91.564,0.4,0.0,3.7,0.0,0.27,4.025,41,AUTHENTIC_LIVE_HOURLY,[LIVE/HYBRID]
2026-09-18T16:00:00+00:00,GATEWAY-TR-BARAMURA-01,TR-BARAMURA-01,Baramura Hill Range NH-08,Tripura,Khowai,NH-08 National Corridor,23.882,91.564,0.4,0.0,3.7,0.0,0.27,4.025,20,AUTHENTIC_LIVE_HOURLY,[LIVE/HYBRID]
2026-09-18T17:00:00+00:00,GATEWAY-TR-BARAMURA-01,TR-BARAMURA-01,Baramura Hill Range NH-08,Tripura,Khowai,NH-08 National Corridor,23.882,91.564,0.4,0.0,3.7,0.0,0.27,4.025,9,AUTHENTIC_LIVE_HOURLY,[LIVE/HYBRID]
2026-09-19T17:00:00+00:00,GATEWAY-TR-BARAMURA-01,TR-BARAMURA-01,Baramura Hill Range NH-08,Tripura,Khowai,NH-08 National Corridor,23.882,91.564,62.2,3.46,5.2,11.33,1.09,3.596,1,AUTHENTIC_LIVE_HOURLY,[LIVE/HYBRID]
2026-09-20T08:00:00+00:00,GATEWAY-TR-BARAMURA-01,TR-BARAMURA-01,Baramura Hill Range NH-08,Tripura,Khowai,NH-08 National Corridor,23.882,91.564,55.0,3.06,5.2,9.6,0.96,3.661,1,AUTHENTIC_LIVE_HOURLY,[LIVE/HYBRID]
